noise,scenario,person,eligibleWeeks,oldFlags,newFlags,oldFirst,newFirst
0,stationary,0,48,0,0,,
0,stationary,1,48,0,0,,
0,stationary,2,48,0,0,,
0,stationary,3,48,0,0,,
0,stationary,4,48,0,0,,
0,stationary,5,48,0,0,,
0,stationary,6,48,0,0,,
0,stationary,7,48,0,0,,
0,stationary,8,48,0,0,,
0,stationary,9,48,0,0,,
0,stationary,10,48,0,0,,
0,stationary,11,48,0,0,,
0,stationary,12,48,0,0,,
0,stationary,13,48,0,0,,
0,stationary,14,48,0,0,,
0,stationary,15,48,0,0,,
0,stationary,16,48,0,0,,
0,stationary,17,48,0,0,,
0,stationary,18,48,0,0,,
0,stationary,19,48,0,0,,
0,stationary,20,48,0,0,,
0,stationary,21,48,0,0,,
0,stationary,22,48,0,0,,
0,stationary,23,48,0,0,,
0,stationary,24,48,0,0,,
0,stationary,25,48,0,0,,
0,stationary,26,48,0,0,,
0,stationary,27,48,0,0,,
0,stationary,28,48,0,0,,
0,stationary,29,48,0,0,,
0,stationary,30,48,0,0,,
0,stationary,31,48,0,0,,
0,stationary,32,48,0,0,,
0,stationary,33,48,0,0,,
0,stationary,34,48,0,0,,
0,stationary,35,48,0,0,,
0,stationary,36,48,0,0,,
0,stationary,37,48,0,0,,
0,stationary,38,48,0,0,,
0,stationary,39,48,0,0,,
0,abrupt,0,48,1,1,10,11
0,abrupt,1,48,1,1,10,11
0,abrupt,2,48,1,1,10,11
0,abrupt,3,48,1,1,10,11
0,abrupt,4,48,1,1,10,11
0,abrupt,5,48,1,1,10,11
0,abrupt,6,48,1,1,10,11
0,abrupt,7,48,1,1,10,11
0,abrupt,8,48,1,1,10,11
0,abrupt,9,48,1,1,10,11
0,abrupt,10,48,1,1,10,11
0,abrupt,11,48,1,1,10,11
0,abrupt,12,48,1,1,10,11
0,abrupt,13,48,1,1,10,11
0,abrupt,14,48,1,1,10,11
0,abrupt,15,48,1,1,10,11
0,abrupt,16,48,1,1,10,11
0,abrupt,17,48,1,1,10,11
0,abrupt,18,48,1,1,10,11
0,abrupt,19,48,1,1,10,11
0,abrupt,20,48,1,1,10,11
0,abrupt,21,48,1,1,10,11
0,abrupt,22,48,1,1,10,11
0,abrupt,23,48,1,1,10,11
0,abrupt,24,48,1,1,10,11
0,abrupt,25,48,1,1,10,11
0,abrupt,26,48,1,1,10,11
0,abrupt,27,48,1,1,10,11
0,abrupt,28,48,1,1,10,11
0,abrupt,29,48,1,1,10,11
0,abrupt,30,48,1,1,10,11
0,abrupt,31,48,1,1,10,11
0,abrupt,32,48,1,1,10,11
0,abrupt,33,48,1,1,10,11
0,abrupt,34,48,1,1,10,11
0,abrupt,35,48,1,1,10,11
0,abrupt,36,48,1,1,10,11
0,abrupt,37,48,1,1,10,11
0,abrupt,38,48,1,1,10,11
0,abrupt,39,48,1,1,10,11
0,gradual,0,48,6,5,10,12
0,gradual,1,48,6,5,10,12
0,gradual,2,48,6,5,10,12
0,gradual,3,48,6,5,10,12
0,gradual,4,48,6,5,10,12
0,gradual,5,48,6,5,10,12
0,gradual,6,48,6,5,10,12
0,gradual,7,48,6,5,10,12
0,gradual,8,48,6,5,10,12
0,gradual,9,48,6,5,10,12
0,gradual,10,48,6,5,10,12
0,gradual,11,48,6,5,10,12
0,gradual,12,48,6,5,10,12
0,gradual,13,48,6,5,10,12
0,gradual,14,48,6,5,10,12
0,gradual,15,48,6,5,10,12
0,gradual,16,48,6,5,10,12
0,gradual,17,48,6,5,10,12
0,gradual,18,48,6,5,10,12
0,gradual,19,48,6,5,10,12
0,gradual,20,48,6,5,10,12
0,gradual,21,48,6,5,10,12
0,gradual,22,48,6,5,10,12
0,gradual,23,48,6,5,10,12
0,gradual,24,48,6,5,10,12
0,gradual,25,48,6,5,10,12
0,gradual,26,48,6,5,10,12
0,gradual,27,48,6,5,10,12
0,gradual,28,48,6,5,10,12
0,gradual,29,48,6,5,10,12
0,gradual,30,48,6,5,10,12
0,gradual,31,48,6,5,10,12
0,gradual,32,48,6,5,10,12
0,gradual,33,48,6,5,10,12
0,gradual,34,48,6,5,10,12
0,gradual,35,48,6,5,10,12
0,gradual,36,48,6,5,10,12
0,gradual,37,48,6,5,10,12
0,gradual,38,48,6,5,10,12
0,gradual,39,48,6,5,10,12
1,stationary,0,48,48,0,10,
1,stationary,1,48,48,1,10,19
1,stationary,2,48,48,0,10,
1,stationary,3,48,48,2,10,31
1,stationary,4,48,48,1,10,39
1,stationary,5,48,48,0,10,
1,stationary,6,48,48,1,10,
1,stationary,7,48,48,0,10,
1,stationary,8,48,48,0,10,
1,stationary,9,48,48,1,10,48
1,stationary,10,48,48,0,10,
1,stationary,11,48,48,0,10,
1,stationary,12,48,48,1,10,35
1,stationary,13,48,48,0,10,
1,stationary,14,48,48,1,10,48
1,stationary,15,48,48,0,10,
1,stationary,16,48,48,0,10,
1,stationary,17,48,48,0,10,
1,stationary,18,48,48,1,10,17
1,stationary,19,48,48,0,10,
1,stationary,20,48,48,0,10,
1,stationary,21,48,48,0,10,
1,stationary,22,48,48,0,10,
1,stationary,23,48,48,1,10,23
1,stationary,24,48,48,2,10,14
1,stationary,25,48,48,0,10,
1,stationary,26,48,48,0,10,
1,stationary,27,48,48,0,10,
1,stationary,28,48,48,1,10,22
1,stationary,29,48,48,1,10,24
1,stationary,30,48,48,1,10,14
1,stationary,31,48,48,0,10,
1,stationary,32,48,48,0,10,
1,stationary,33,48,48,0,10,
1,stationary,34,48,48,0,10,
1,stationary,35,48,48,2,10,40
1,stationary,36,48,48,1,10,
1,stationary,37,48,48,0,10,
1,stationary,38,48,48,0,10,
1,stationary,39,48,48,1,10,31
1,abrupt,0,48,48,3,10,10
1,abrupt,1,48,48,4,10,11
1,abrupt,2,48,48,4,10,10
1,abrupt,3,48,48,5,10,10
1,abrupt,4,48,48,4,10,10
1,abrupt,5,48,48,2,10,11
1,abrupt,6,48,48,2,10,11
1,abrupt,7,48,48,3,10,11
1,abrupt,8,48,48,4,10,10
1,abrupt,9,48,48,3,10,11
1,abrupt,10,48,48,3,10,11
1,abrupt,11,48,48,4,10,10
1,abrupt,12,48,48,4,10,10
1,abrupt,13,48,48,4,10,10
1,abrupt,14,48,48,4,10,10
1,abrupt,15,48,48,3,10,11
1,abrupt,16,48,48,3,10,10
1,abrupt,17,48,48,3,10,10
1,abrupt,18,48,48,3,10,11
1,abrupt,19,48,48,4,10,10
1,abrupt,20,48,48,4,10,10
1,abrupt,21,48,48,3,10,11
1,abrupt,22,48,48,3,10,10
1,abrupt,23,48,48,3,10,11
1,abrupt,24,48,48,6,10,10
1,abrupt,25,48,48,3,10,10
1,abrupt,26,48,48,3,10,10
1,abrupt,27,48,48,3,10,10
1,abrupt,28,48,48,4,10,11
1,abrupt,29,48,48,3,10,11
1,abrupt,30,48,48,4,10,10
1,abrupt,31,48,48,4,10,10
1,abrupt,32,48,48,4,10,10
1,abrupt,33,48,48,3,10,10
1,abrupt,34,48,48,3,10,10
1,abrupt,35,48,48,4,10,11
1,abrupt,36,48,48,4,10,10
1,abrupt,37,48,48,3,10,10
1,abrupt,38,48,48,2,10,11
1,abrupt,39,48,48,2,10,11
1,gradual,0,48,48,6,10,11
1,gradual,1,48,48,8,10,11
1,gradual,2,48,48,7,10,11
1,gradual,3,48,48,9,10,11
1,gradual,4,48,48,8,10,10
1,gradual,5,48,48,7,10,11
1,gradual,6,48,48,8,10,11
1,gradual,7,48,48,7,10,11
1,gradual,8,48,48,7,10,10
1,gradual,9,48,48,8,10,11
1,gradual,10,48,48,7,10,11
1,gradual,11,48,48,7,10,11
1,gradual,12,48,48,9,10,10
1,gradual,13,48,48,7,10,11
1,gradual,14,48,48,7,10,11
1,gradual,15,48,48,7,10,11
1,gradual,16,48,48,8,10,10
1,gradual,17,48,48,7,10,10
1,gradual,18,48,48,7,10,11
1,gradual,19,48,48,7,10,11
1,gradual,20,48,48,6,10,11
1,gradual,21,48,48,8,10,11
1,gradual,22,48,48,7,10,11
1,gradual,23,48,48,9,10,11
1,gradual,24,48,48,8,10,11
1,gradual,25,48,48,7,10,11
1,gradual,26,48,48,7,10,11
1,gradual,27,48,48,8,10,10
1,gradual,28,48,48,8,10,11
1,gradual,29,48,48,7,10,11
1,gradual,30,48,48,7,10,11
1,gradual,31,48,48,6,10,11
1,gradual,32,48,48,7,10,11
1,gradual,33,48,48,6,10,11
1,gradual,34,48,48,7,10,11
1,gradual,35,48,48,8,10,11
1,gradual,36,48,48,8,10,11
1,gradual,37,48,48,7,10,11
1,gradual,38,48,48,7,10,11
1,gradual,39,48,48,8,10,11
2,stationary,0,48,48,10,10,11
2,stationary,1,48,48,10,10,19
2,stationary,2,48,48,6,10,17
2,stationary,3,48,48,9,10,12
2,stationary,4,48,48,15,10,10
2,stationary,5,48,48,8,10,16
2,stationary,6,48,48,12,10,14
2,stationary,7,48,48,9,10,14
2,stationary,8,48,48,8,10,11
2,stationary,9,48,48,5,10,21
2,stationary,10,48,48,11,10,11
2,stationary,11,48,48,10,10,10
2,stationary,12,48,48,10,10,11
2,stationary,13,48,48,11,10,10
2,stationary,14,48,48,12,10,14
2,stationary,15,48,48,10,10,13
2,stationary,16,48,48,11,10,12
2,stationary,17,48,48,6,10,16
2,stationary,18,48,48,6,10,15
2,stationary,19,48,48,7,10,10
2,stationary,20,48,48,6,10,13
2,stationary,21,48,48,9,10,14
2,stationary,22,48,48,6,10,14
2,stationary,23,48,48,16,10,13
2,stationary,24,48,48,9,10,12
2,stationary,25,48,48,6,10,11
2,stationary,26,48,48,9,10,11
2,stationary,27,48,48,12,10,10
2,stationary,28,48,48,11,10,11
2,stationary,29,48,48,10,10,13
2,stationary,30,48,48,9,10,14
2,stationary,31,48,48,7,10,15
2,stationary,32,48,48,9,10,10
2,stationary,33,48,48,9,10,17
2,stationary,34,48,48,14,10,10
2,stationary,35,48,48,8,10,12
2,stationary,36,48,48,9,10,23
2,stationary,37,48,48,14,10,10
2,stationary,38,48,48,13,10,12
2,stationary,39,48,48,7,10,10
2,abrupt,0,48,48,12,10,10
2,abrupt,1,48,48,14,10,10
2,abrupt,2,48,48,9,10,10
2,abrupt,3,48,48,11,10,10
2,abrupt,4,48,48,18,10,10
2,abrupt,5,48,48,11,10,10
2,abrupt,6,48,48,16,10,10
2,abrupt,7,48,48,12,10,11
2,abrupt,8,48,48,10,10,10
2,abrupt,9,48,48,8,10,10
2,abrupt,10,48,48,13,10,10
2,abrupt,11,48,48,13,10,10
2,abrupt,12,48,48,13,10,10
2,abrupt,13,48,48,13,10,10
2,abrupt,14,48,48,16,10,10
2,abrupt,15,48,48,12,10,11
2,abrupt,16,48,48,13,10,10
2,abrupt,17,48,48,9,10,10
2,abrupt,18,48,48,9,10,10
2,abrupt,19,48,48,10,10,10
2,abrupt,20,48,48,9,10,10
2,abrupt,21,48,48,12,10,11
2,abrupt,22,48,48,10,10,10
2,abrupt,23,48,48,19,10,10
2,abrupt,24,48,48,12,10,10
2,abrupt,25,48,48,8,10,10
2,abrupt,26,48,48,12,10,10
2,abrupt,27,48,48,15,10,10
2,abrupt,28,48,48,14,10,10
2,abrupt,29,48,48,12,10,11
2,abrupt,30,48,48,12,10,10
2,abrupt,31,48,48,11,10,10
2,abrupt,32,48,48,11,10,10
2,abrupt,33,48,48,12,10,10
2,abrupt,34,48,48,17,10,10
2,abrupt,35,48,48,11,10,10
2,abrupt,36,48,48,13,10,10
2,abrupt,37,48,48,15,10,10
2,abrupt,38,48,48,16,10,10
2,abrupt,39,48,48,9,10,10
2,gradual,0,48,48,14,10,10
2,gradual,1,48,48,17,10,11
2,gradual,2,48,48,13,10,10
2,gradual,3,48,48,17,10,10
2,gradual,4,48,48,20,10,10
2,gradual,5,48,48,15,10,10
2,gradual,6,48,48,16,10,11
2,gradual,7,48,48,15,10,11
2,gradual,8,48,48,15,10,10
2,gradual,9,48,48,13,10,10
2,gradual,10,48,48,16,10,11
2,gradual,11,48,48,16,10,10
2,gradual,12,48,48,17,10,10
2,gradual,13,48,48,17,10,10
2,gradual,14,48,48,17,10,10
2,gradual,15,48,48,14,10,11
2,gradual,16,48,48,16,10,11
2,gradual,17,48,48,13,10,11
2,gradual,18,48,48,10,10,11
2,gradual,19,48,48,12,10,10
2,gradual,20,48,48,11,10,11
2,gradual,21,48,48,14,10,11
2,gradual,22,48,48,12,10,11
2,gradual,23,48,48,21,10,10
2,gradual,24,48,48,13,10,11
2,gradual,25,48,48,11,10,11
2,gradual,26,48,48,16,10,11
2,gradual,27,48,48,18,10,10
2,gradual,28,48,48,17,10,11
2,gradual,29,48,48,14,10,11
2,gradual,30,48,48,14,10,10
2,gradual,31,48,48,13,10,10
2,gradual,32,48,48,14,10,10
2,gradual,33,48,48,16,10,11
2,gradual,34,48,48,20,10,10
2,gradual,35,48,48,15,10,11
2,gradual,36,48,48,15,10,11
2,gradual,37,48,48,19,10,10
2,gradual,38,48,48,17,10,11
2,gradual,39,48,48,12,10,10
