person,cohort,seed,days,algorithm,randomStreams,calibratedBodyweight,bodyweightTransitions,recoveryReductions,recoveryRestorations,recoveryMinimums,unit,bodyMass,gainCeilingPct,adherence,trained,missed,checks,pivots,increases,decreases,holds,roundingHolds,effortHolds,bodyweightHolds,partialAnchors,measuredFlags,falsePerformanceFlags,anchorCount,overCap,underFloor,loadChangePct,latentCapacityGainPct,cycles,sample
0,novice,520260000,365,baseline,independent-v2,True,0,0,0,0,kg,92.1445,65.112,0.9813,254,7,51,5,395,14,1369,76,432,0,16,35,0,1762,0,139,41.5874,54.7626,1,original
0,novice,520260000,365,refined,independent-v2,True,0,0,0,0,kg,92.1445,65.112,0.9813,254,7,51,5,370,15,1393,76,431,0,16,0,0,1762,0,139,41.5874,54.7638,1,original
1,novice,520260001,365,baseline,independent-v2,True,0,0,0,0,lb,93.8449,54.4796,0.9751,250,11,48,5,360,55,1332,37,432,48,14,28,0,1733,29,132,27.2333,41.6106,1,original
1,novice,520260001,365,refined,independent-v2,True,2,0,0,0,lb,93.8449,54.4796,0.9751,250,11,48,0,374,58,1315,41,440,0,14,0,0,1733,0,132,27.1446,41.736,1,original
2,novice,520260002,365,baseline,independent-v2,True,0,0,0,0,kg,98.4247,83.8337,0.9793,253,8,51,4,613,31,1129,4,393,72,11,25,0,1762,80,52,58.3976,75.0318,1,original
2,novice,520260002,365,refined,independent-v2,True,2,0,0,0,kg,98.4247,83.8337,0.9793,253,8,51,4,644,32,1097,4,389,0,11,0,0,1762,0,54,58.3976,75.0351,1,original
3,novice,520260003,365,baseline,independent-v2,True,0,0,0,0,lb,55.2705,69.5577,0.9247,242,19,49,4,504,40,1149,10,405,0,12,27,0,1681,0,86,46.3476,61.7665,1,original
3,novice,520260003,365,refined,independent-v2,True,0,0,0,0,lb,55.2705,69.5577,0.9247,242,19,49,4,475,39,1179,74,407,0,12,0,0,1681,64,83,46.3476,61.7628,1,original
4,novice,520260004,365,baseline,independent-v2,True,0,0,0,0,kg,72.5495,78.8691,0.9623,249,12,46,5,512,41,1190,13,430,60,15,30,0,1728,59,93,43.4401,59.4924,1,original
4,novice,520260004,365,refined,independent-v2,True,2,0,0,0,kg,72.5495,78.8691,0.9623,249,12,46,5,540,42,1161,14,431,0,15,0,0,1728,0,101,43.4401,59.4864,1,original
5,novice,520260005,365,baseline,independent-v2,True,0,0,0,0,lb,99.135,63.5628,0.9057,235,26,50,5,479,31,1138,18,402,58,8,24,0,1640,48,77,39.4312,54.1486,1,original
5,novice,520260005,365,refined,independent-v2,True,2,0,0,0,lb,99.135,63.5628,0.9057,235,26,50,0,500,33,1115,21,406,0,8,0,0,1640,0,81,39.5313,54.2761,1,original
6,novice,520260006,365,baseline,independent-v2,True,0,0,0,0,kg,58.9675,63.4836,0.91,233,28,51,0,536,25,1069,26,397,0,15,24,0,1615,3,84,42.5361,55.5856,1,original
6,novice,520260006,365,refined,independent-v2,True,0,0,0,0,kg,58.9675,63.4836,0.91,233,28,51,0,502,25,1103,81,399,0,15,0,0,1615,62,83,42.5361,55.581,1,original
7,novice,520260007,365,baseline,independent-v2,True,0,0,0,0,lb,90.7722,58.5466,0.9587,251,10,50,5,440,45,1269,6,402,52,12,30,0,1742,49,75,36.0157,50.7032,1,original
7,novice,520260007,365,refined,independent-v2,True,2,0,0,0,lb,90.7722,58.5466,0.9587,251,10,50,5,457,47,1250,7,402,0,12,0,0,1742,6,80,36.0157,50.7051,1,original
8,novice,520260008,365,baseline,independent-v2,True,0,0,0,0,kg,75.4808,59.7534,0.9738,253,8,50,5,333,19,1418,82,404,54,17,32,0,1753,34,163,37.4609,50.9639,1,original
8,novice,520260008,365,refined,independent-v2,True,6,0,0,0,kg,75.4808,59.7534,0.9738,253,8,50,5,354,21,1395,94,398,0,17,0,0,1753,0,176,37.4609,50.9853,1,original
9,novice,520260009,365,baseline,independent-v2,True,0,0,0,0,lb,63.9968,65.7132,0.8933,234,27,46,4,495,56,1091,1,396,0,5,29,0,1637,5,82,35.3782,51.3074,1,original
9,novice,520260009,365,refined,independent-v2,True,0,0,0,0,lb,63.9968,65.7132,0.8933,234,27,46,4,462,54,1126,52,397,0,5,0,0,1637,48,84,35.3782,51.308,1,original
10,intermediate,520260010,365,baseline,independent-v2,True,0,0,0,0,kg,89.7326,31.9267,0.9435,239,22,51,5,274,91,1311,0,396,38,13,35,0,1663,4,146,14.8057,26.1644,1,original
10,intermediate,520260010,365,refined,independent-v2,True,2,0,0,0,kg,89.7326,31.9267,0.9435,239,22,51,5,281,91,1304,14,395,0,13,0,0,1663,0,158,14.8057,26.1681,1,original
11,intermediate,520260011,365,baseline,independent-v2,True,0,0,0,0,lb,99.6316,33.4905,0.9263,241,20,49,5,230,131,1325,0,408,34,18,36,0,1668,0,211,7.7753,20.0334,1,original
11,intermediate,520260011,365,refined,independent-v2,True,1,0,0,0,lb,99.6316,33.4905,0.9263,241,20,49,5,233,131,1322,21,409,0,19,0,0,1667,0,225,7.7753,20.0298,1,original
12,intermediate,520260012,365,baseline,independent-v2,True,0,0,0,0,kg,75.7352,38.7379,0.9512,239,22,49,5,175,53,1443,150,402,0,18,38,1,1653,0,311,11.4045,23.4804,1,original
12,intermediate,520260012,365,refined,independent-v2,True,0,0,0,0,kg,75.7352,38.7379,0.9512,239,22,49,5,164,46,1461,167,407,0,19,0,0,1652,0,324,11.4045,23.4764,1,original
13,intermediate,520260013,365,baseline,independent-v2,True,0,0,0,0,lb,95.9975,34.8021,0.9083,237,24,51,4,246,72,1341,46,418,36,17,34,0,1642,0,188,15.1162,26.4713,1,original
13,intermediate,520260013,365,refined,independent-v2,True,2,0,0,0,lb,95.9975,34.8021,0.9083,237,24,51,4,251,72,1336,61,418,0,17,0,0,1642,0,199,15.1162,26.4789,1,original
14,intermediate,520260014,365,baseline,independent-v2,True,0,0,0,0,kg,74.3682,27.9344,0.9373,245,16,52,4,229,89,1394,42,429,30,12,39,0,1700,0,208,11.3674,21.0263,1,original
14,intermediate,520260014,365,refined,independent-v2,True,6,0,0,0,kg,74.3682,27.9344,0.9373,245,16,52,4,241,98,1373,42,429,0,12,0,0,1700,0,208,11.3674,21.0288,1,original
15,intermediate,520260015,365,baseline,independent-v2,True,0,0,0,0,lb,65.7785,27.6929,0.9463,244,17,51,0,214,75,1420,30,437,0,17,38,0,1692,0,173,12.1836,22.5711,1,original
15,intermediate,520260015,365,refined,independent-v2,True,0,0,0,0,lb,65.7785,27.6929,0.9463,244,17,51,0,209,73,1427,39,437,0,17,0,0,1692,0,183,12.1836,22.5689,1,original
16,intermediate,520260016,365,baseline,independent-v2,True,0,0,0,0,kg,62.9724,41.6047,0.9436,249,12,51,0,248,35,1459,75,424,43,13,35,0,1729,5,182,21.5609,32.8066,1,original
16,intermediate,520260016,365,refined,independent-v2,True,6,0,0,0,kg,62.9724,41.6047,0.9436,249,12,51,0,264,41,1437,75,422,0,13,0,0,1729,0,184,21.5609,32.8055,1,original
17,intermediate,520260017,365,baseline,independent-v2,True,0,0,0,0,lb,84.2539,26.7713,0.9699,253,8,49,5,201,136,1433,0,436,22,9,32,0,1761,0,215,4.9161,15.9963,1,original
17,intermediate,520260017,365,refined,independent-v2,True,6,0,0,0,lb,84.2539,26.7713,0.9699,253,8,49,5,209,143,1418,2,433,0,9,0,0,1761,0,209,4.9161,15.9973,1,original
18,intermediate,520260018,365,baseline,independent-v2,True,0,0,0,0,kg,84.7146,23.9943,0.9796,250,11,47,5,187,129,1431,50,394,0,8,37,0,1739,0,286,4.8032,14.8869,1,original
18,intermediate,520260018,365,refined,independent-v2,True,0,0,0,0,kg,84.7146,23.9943,0.9796,250,11,47,5,181,121,1445,75,394,0,8,0,0,1739,0,310,4.8032,14.8822,1,original
19,intermediate,520260019,365,baseline,independent-v2,True,0,0,0,0,lb,59.8886,44.8438,0.9155,237,24,52,4,230,47,1384,87,410,36,18,32,0,1643,8,219,16.9852,28.6697,1,original
19,intermediate,520260019,365,refined,independent-v2,True,4,0,0,0,lb,59.8886,44.8438,0.9155,237,24,52,4,240,48,1373,88,415,0,18,0,0,1643,0,217,16.9852,28.6749,1,original
20,experienced,520260020,365,baseline,independent-v2,True,0,0,0,0,kg,84.1307,13.3597,0.9565,242,19,49,0,68,54,1569,348,414,37,15,39,0,1676,0,611,1.2139,9.457,1,original
20,experienced,520260020,365,refined,independent-v2,True,5,0,0,0,kg,84.1307,13.3597,0.9565,242,19,49,0,78,67,1546,350,412,0,14,1,0,1677,0,586,1.2139,9.4567,1,original
21,experienced,520260021,365,baseline,independent-v2,True,0,0,0,0,lb,71.8512,19.9503,0.9877,250,11,51,4,166,137,1448,83,459,0,19,40,0,1732,0,333,2.4769,11.8073,1,original
21,experienced,520260021,365,refined,independent-v2,True,0,0,0,0,lb,71.8512,19.9503,0.9877,250,11,51,4,157,125,1469,110,459,0,19,0,0,1732,0,355,2.4769,11.8089,1,original
22,experienced,520260022,365,baseline,independent-v2,True,0,0,0,0,kg,86.8099,18.1605,0.9727,246,15,50,5,174,127,1425,23,421,35,15,40,0,1711,0,263,3.3212,12.6124,1,original
22,experienced,520260022,365,refined,independent-v2,True,8,0,0,0,kg,86.8099,18.1605,0.9727,246,15,50,5,182,136,1408,25,414,0,15,0,0,1711,0,247,3.3212,12.6139,1,original
23,experienced,520260023,365,baseline,independent-v2,True,0,0,0,0,lb,70.8033,20.9348,0.9805,251,10,50,5,105,57,1597,262,446,31,15,43,0,1744,0,529,4.6443,14.1239,1,original
23,experienced,520260023,365,refined,independent-v2,True,12,0,0,0,lb,70.8033,20.9348,0.9805,251,10,50,5,115,69,1575,262,443,0,15,0,0,1744,0,513,4.6443,14.1236,1,original
24,experienced,520260024,365,baseline,independent-v2,True,0,0,0,0,kg,68.7723,21.2167,0.873,225,36,47,3,212,143,1221,0,389,0,16,31,0,1560,0,224,5.1224,16.3929,1,original
24,experienced,520260024,365,refined,independent-v2,True,0,0,0,0,kg,68.7723,21.2167,0.873,225,36,47,3,204,135,1237,20,384,0,17,0,0,1559,0,244,5.1224,16.3937,1,original
25,experienced,520260025,365,baseline,independent-v2,True,0,0,0,0,lb,80.1814,16.8324,0.9658,252,9,51,5,171,154,1436,0,403,26,12,44,0,1749,0,270,1.252,12.676,1,original
25,experienced,520260025,365,refined,independent-v2,True,6,0,0,0,lb,80.1814,16.8324,0.9658,252,9,51,5,178,162,1421,0,401,0,12,0,0,1749,0,256,1.252,12.6754,1,original
26,experienced,520260026,365,baseline,independent-v2,True,0,0,0,0,kg,83.2849,13.285,0.9661,253,8,50,5,159,140,1472,13,442,20,13,35,0,1758,0,258,1.5041,10.4479,1,original
26,experienced,520260026,365,refined,independent-v2,True,12,0,0,0,kg,83.2849,13.285,0.9661,253,8,50,5,168,150,1453,13,441,0,13,0,0,1758,0,251,1.5041,10.4449,1,original
27,experienced,520260027,365,baseline,independent-v2,True,0,0,0,0,lb,87.1973,14.4166,0.9533,253,8,51,5,77,66,1628,338,427,0,13,38,0,1758,0,583,1.3094,10.7086,1,original
27,experienced,520260027,365,refined,independent-v2,True,0,0,0,0,lb,87.1973,14.4166,0.9533,253,8,51,5,71,55,1645,366,422,0,13,0,0,1758,0,608,1.3094,10.7142,1,original
28,experienced,520260028,365,baseline,independent-v2,True,0,0,0,0,kg,69.9862,12.9352,0.9695,251,10,50,5,122,142,1489,133,434,42,9,37,0,1744,0,502,-1.6673,8.3307,1,original
28,experienced,520260028,365,refined,independent-v2,True,10,0,0,0,kg,69.9862,12.9352,0.9695,251,10,50,5,130,154,1469,133,436,0,9,0,0,1744,0,468,-1.6673,8.3293,1,original
29,experienced,520260029,365,baseline,independent-v2,True,0,0,0,0,lb,69.7286,10.5021,0.8734,229,32,50,5,150,158,1289,18,398,26,12,35,0,1585,0,304,-0.6928,8.2636,1,original
29,experienced,520260029,365,refined,independent-v2,True,8,0,0,0,lb,69.7286,10.5021,0.8734,229,32,50,5,159,168,1270,18,395,0,12,0,0,1585,0,285,-0.6928,8.2641,1,original
30,slow-response,520260030,365,baseline,independent-v2,True,0,0,0,0,kg,56.0668,5.5047,0.9288,236,25,50,4,104,173,1373,71,378,0,19,38,0,1631,0,376,-5.1789,3.7045,1,original
30,slow-response,520260030,365,refined,independent-v2,True,0,0,0,0,kg,56.0668,5.5047,0.9288,236,25,50,4,97,161,1392,134,378,0,19,0,0,1631,0,434,-5.1789,3.7054,1,original
31,slow-response,520260031,365,baseline,independent-v2,True,0,0,0,0,lb,89.2819,4.8014,0.9203,241,20,49,5,58,76,1557,585,395,60,11,41,0,1680,0,1014,-1.1259,3.6983,1,original
31,slow-response,520260031,365,refined,independent-v2,True,2,0,0,0,lb,89.2819,4.8014,0.9203,241,20,49,5,64,89,1538,585,395,0,11,0,0,1680,0,950,-1.1259,3.6972,1,original
32,slow-response,520260032,365,baseline,independent-v2,True,0,0,0,0,kg,84.0941,3.9798,0.9003,232,29,51,4,50,78,1492,597,398,57,16,41,0,1604,0,1020,-1.8147,2.8532,1,original
32,slow-response,520260032,365,refined,independent-v2,True,2,0,0,0,kg,84.0941,3.9798,0.9003,232,29,51,4,53,88,1479,597,396,0,16,1,0,1604,0,956,-1.8147,2.8537,1,original
33,slow-response,520260033,365,baseline,independent-v2,True,0,0,0,0,lb,95.7003,5.8058,0.9663,244,17,49,5,130,217,1365,0,408,0,15,42,0,1697,0,333,-5.0734,4.2015,1,original
33,slow-response,520260033,365,refined,independent-v2,True,0,0,0,0,lb,95.7003,5.8058,0.9663,244,17,49,5,132,214,1366,0,408,0,15,0,0,1697,0,327,-5.0734,4.2015,1,original
34,slow-response,520260034,365,baseline,independent-v2,True,0,0,0,0,kg,78.5792,5.9854,0.9607,243,18,49,3,65,77,1561,567,392,49,22,41,0,1681,0,955,-0.7565,4.8776,1,original
34,slow-response,520260034,365,refined,independent-v2,True,2,0,0,0,kg,78.5792,5.9854,0.9607,243,18,49,3,72,90,1541,567,383,0,22,0,0,1681,0,908,-0.7565,4.8772,1,original
35,slow-response,520260035,365,baseline,independent-v2,True,0,0,0,0,lb,77.1845,4.326,0.9196,241,20,48,4,131,220,1338,0,387,68,16,37,0,1673,0,423,-6.0991,2.5366,1,original
35,slow-response,520260035,365,refined,independent-v2,True,2,0,0,0,lb,77.1845,4.326,0.9196,241,20,48,4,134,230,1325,0,393,0,16,0,0,1673,0,352,-6.0991,2.5371,1,original
36,slow-response,520260036,365,baseline,independent-v2,True,0,0,0,0,kg,89.2403,3.6409,0.9133,233,28,52,4,109,204,1309,0,415,0,13,38,0,1609,0,348,-6.0716,2.0963,1,original
36,slow-response,520260036,365,refined,independent-v2,True,0,0,0,0,kg,89.2403,3.6409,0.9133,233,28,52,4,104,190,1328,37,420,0,14,0,0,1608,0,386,-6.0716,2.0959,1,original
37,slow-response,520260037,365,baseline,independent-v2,True,0,0,0,0,lb,66.8486,6.6631,0.9776,253,8,50,0,153,197,1417,0,420,63,16,43,0,1751,0,390,-3.4892,4.6908,1,original
37,slow-response,520260037,365,refined,independent-v2,True,4,0,0,0,lb,66.8486,6.6631,0.9776,253,8,50,0,160,209,1398,0,416,0,16,0,0,1751,0,329,-3.4892,4.6919,1,original
38,slow-response,520260038,365,baseline,independent-v2,True,0,0,0,0,kg,96.2214,6.5858,0.8922,230,31,52,0,54,68,1478,523,400,57,14,41,0,1586,0,896,-0.7731,5.2364,1,original
38,slow-response,520260038,365,refined,independent-v2,True,0,0,0,0,kg,96.2214,6.5858,0.8922,230,31,52,0,54,68,1478,580,400,0,14,0,0,1586,0,896,-0.7731,5.2364,1,original
39,slow-response,520260039,365,baseline,independent-v2,True,0,0,0,0,lb,65.8741,5.5821,0.878,222,39,50,5,135,208,1212,2,371,0,10,41,0,1545,0,318,-5.4143,3.9005,1,original
39,slow-response,520260039,365,refined,independent-v2,True,0,0,0,0,lb,65.8741,5.5821,0.878,222,39,50,0,128,195,1232,58,378,0,12,0,0,1543,0,366,-5.4143,3.9183,1,original
40,poor-sleep,520260040,365,baseline,independent-v2,True,0,0,0,0,kg,75.1193,23.1695,0.9752,256,5,50,130,53,61,1679,245,211,18,25,18,0,1768,0,1213,-0.3716,9.6964,1,original
40,poor-sleep,520260040,365,refined,independent-v2,True,13,5,1,9,kg,75.1193,23.1695,0.9752,256,5,50,120,88,75,1630,198,232,0,19,0,0,1774,0,1016,1.8251,8.4499,1,original
41,poor-sleep,520260041,365,baseline,independent-v2,True,0,0,0,0,lb,59.1079,24.4536,0.8804,233,28,51,118,70,62,1504,203,179,15,12,17,0,1624,0,981,1.1826,12.0472,1,original
41,poor-sleep,520260041,365,refined,independent-v2,True,5,4,0,11,lb,59.1079,24.4536,0.8804,233,28,51,108,99,57,1480,205,201,0,9,1,0,1627,0,794,4.0635,10.7912,1,original
42,poor-sleep,520260042,365,baseline,independent-v2,True,0,0,0,0,kg,64.0843,45.776,0.9673,250,11,51,115,187,149,1411,0,248,0,23,17,0,1724,0,591,2.8832,17.7763,1,original
42,poor-sleep,520260042,365,refined,independent-v2,True,0,4,0,11,kg,64.0843,45.776,0.9673,250,11,51,115,200,118,1429,18,240,0,18,0,0,1729,0,558,6.0268,15.4081,1,original
43,poor-sleep,520260043,365,baseline,independent-v2,True,0,0,0,0,lb,68.0495,34.014,0.9693,249,12,49,122,155,81,1508,31,216,15,11,17,0,1733,0,663,6.899,20.8161,1,original
43,poor-sleep,520260043,365,refined,independent-v2,True,6,6,2,8,lb,68.0495,34.014,0.9693,249,12,49,117,189,87,1468,45,225,0,9,0,0,1735,0,613,9.6433,18.3937,1,original
44,poor-sleep,520260044,365,baseline,independent-v2,True,0,0,0,0,kg,86.2834,29.8874,0.9461,244,17,50,131,78,61,1570,181,180,21,15,15,0,1694,0,961,2.0523,13.4475,1,original
44,poor-sleep,520260044,365,refined,independent-v2,True,6,4,0,12,kg,86.2834,29.8874,0.9461,244,17,50,118,126,68,1515,191,208,0,12,0,0,1697,0,827,5.8562,12.2237,1,original
45,poor-sleep,520260045,365,baseline,independent-v2,True,0,0,0,0,lb,90.767,23.0223,0.959,247,14,52,132,129,110,1493,4,223,0,22,11,0,1710,0,678,1.3522,13.9642,1,original
45,poor-sleep,520260045,365,refined,independent-v2,True,0,4,0,14,lb,90.767,23.0223,0.959,247,14,52,127,167,104,1461,7,205,0,18,0,0,1714,0,568,4.8536,12.358,1,original
46,poor-sleep,520260046,365,baseline,independent-v2,True,0,0,0,0,kg,75.6192,38.7616,0.9459,241,20,51,120,175,143,1370,1,189,19,16,15,0,1672,0,601,2.1812,18.2873,1,original
46,poor-sleep,520260046,365,refined,independent-v2,True,6,4,0,10,kg,75.6192,38.7616,0.9459,241,20,51,105,238,155,1295,2,220,0,11,0,0,1677,0,497,5.7873,16.2553,1,original
47,poor-sleep,520260047,365,baseline,independent-v2,True,0,0,0,0,lb,61.2403,25.0551,0.8731,231,30,50,96,140,181,1297,0,229,21,15,17,0,1603,0,703,-2.8562,10.5415,1,original
47,poor-sleep,520260047,365,refined,independent-v2,True,8,4,0,9,lb,61.2403,25.0551,0.8731,231,30,50,92,157,148,1313,8,258,0,17,0,0,1601,0,583,0.6557,9.1811,1,original
48,poor-sleep,520260048,365,baseline,independent-v2,True,0,0,0,0,kg,79.0893,33.1176,0.9299,238,23,47,99,134,68,1463,167,247,0,18,18,0,1647,0,694,6.556,20.3906,1,original
48,poor-sleep,520260048,365,refined,independent-v2,True,0,4,0,8,kg,79.0893,33.1176,0.9299,238,23,47,94,154,56,1455,158,255,0,19,0,0,1646,0,628,9.279,18.3495,1,original
49,poor-sleep,520260049,365,baseline,independent-v2,True,0,0,0,0,lb,82.4865,41.2379,0.9572,250,11,51,126,211,151,1386,2,193,14,18,18,0,1730,0,614,4.2679,20.6633,1,original
49,poor-sleep,520260049,365,refined,independent-v2,True,4,4,0,11,lb,82.4865,41.2379,0.9572,250,11,51,116,260,161,1327,8,229,0,12,0,0,1736,5,502,7.723,18.6313,1,original
50,missed-sessions,520260050,365,baseline,independent-v2,True,0,0,0,0,kg,98.1726,34.3878,0.6555,161,100,33,2,192,88,842,0,269,20,11,16,0,1111,0,137,8.0314,17.6593,1,original
50,missed-sessions,520260050,365,refined,independent-v2,True,1,0,0,0,kg,98.1726,34.3878,0.6555,161,100,33,2,196,88,838,9,270,0,11,0,0,1111,0,145,8.0314,17.6644,1,original
51,missed-sessions,520260051,365,baseline,independent-v2,True,0,0,0,0,lb,97.2601,25.9659,0.6178,159,102,33,4,108,45,961,154,253,0,11,18,0,1103,0,285,6.0733,13.4619,1,original
51,missed-sessions,520260051,365,refined,independent-v2,True,0,0,0,0,lb,97.2601,25.9659,0.6178,159,102,33,4,108,45,961,154,244,0,11,0,0,1103,0,286,6.0733,13.4681,1,original
52,missed-sessions,520260052,365,baseline,independent-v2,True,0,0,0,0,kg,75.1479,39.6405,0.6938,177,84,35,5,150,37,1059,124,301,20,10,22,0,1236,1,257,11.1754,21.7468,1,original
52,missed-sessions,520260052,365,refined,independent-v2,True,6,0,0,0,kg,75.1479,39.6405,0.6938,177,84,35,5,160,41,1045,124,301,0,10,0,0,1236,0,253,11.1754,21.7351,1,original
53,missed-sessions,520260053,365,baseline,independent-v2,True,0,0,0,0,lb,78.0688,25.457,0.7153,183,78,40,0,127,44,1116,68,316,22,4,27,0,1283,0,186,7.0991,18.1266,1,original
53,missed-sessions,520260053,365,refined,independent-v2,True,8,0,0,0,lb,78.0688,25.457,0.7153,183,78,40,0,136,51,1100,68,313,0,4,0,0,1283,0,191,7.0991,18.1338,1,original
54,missed-sessions,520260054,365,baseline,independent-v2,True,0,0,0,0,kg,63.1042,43.741,0.7448,187,74,40,4,192,37,1078,99,302,0,6,27,1,1301,0,204,14.5088,25.046,1,original
54,missed-sessions,520260054,365,refined,independent-v2,True,0,0,0,0,kg,63.1042,43.741,0.7448,187,74,40,4,180,33,1094,125,303,0,6,0,0,1301,3,207,14.5088,25.0421,1,original
55,missed-sessions,520260055,365,baseline,independent-v2,True,0,0,0,0,lb,80.0893,38.4466,0.5702,139,122,37,0,174,66,740,0,248,13,6,21,0,974,0,110,8.7018,18.6849,1,original
55,missed-sessions,520260055,365,refined,independent-v2,True,8,0,0,0,lb,80.0893,38.4466,0.5702,139,122,37,0,182,71,727,0,247,0,6,0,0,974,0,114,8.7018,18.6844,1,original
56,missed-sessions,520260056,365,baseline,independent-v2,True,0,0,0,0,kg,67.842,44.0688,0.583,150,111,35,3,193,31,822,62,260,26,4,18,0,1042,1,144,14.9719,23.3449,1,original
56,missed-sessions,520260056,365,refined,independent-v2,True,4,0,0,0,kg,67.842,44.0688,0.583,150,111,35,3,204,35,807,62,259,0,4,0,0,1042,0,145,14.9719,23.3437,1,original
57,missed-sessions,520260057,365,baseline,independent-v2,True,0,0,0,0,lb,77.4856,29.4139,0.6861,179,82,36,4,139,32,1072,102,320,0,11,24,0,1232,0,207,9.8266,19.2848,1,original
57,missed-sessions,520260057,365,refined,independent-v2,True,0,0,0,0,lb,77.4856,29.4139,0.6861,179,82,36,4,133,28,1082,112,322,0,11,0,0,1232,0,215,9.8266,19.2837,1,original
58,missed-sessions,520260058,365,baseline,independent-v2,True,0,0,0,0,kg,59.4091,36.7469,0.6768,166,95,40,0,184,20,954,57,302,29,9,18,0,1149,2,132,16.0869,26.2388,1,original
58,missed-sessions,520260058,365,refined,independent-v2,True,2,0,0,0,kg,59.4091,36.7469,0.6768,166,95,40,0,194,23,941,63,303,0,9,0,0,1149,0,135,16.0869,26.2427,1,original
59,missed-sessions,520260059,365,baseline,independent-v2,True,0,0,0,0,lb,65.1974,29.0597,0.5778,152,109,35,0,172,73,822,39,258,20,13,15,0,1054,0,172,9.1405,18.3514,1,original
59,missed-sessions,520260059,365,refined,independent-v2,True,4,0,0,0,lb,65.1974,29.0597,0.5778,152,109,35,0,179,78,810,39,255,0,13,0,0,1054,0,170,9.1405,18.3433,1,original
60,long-break,520260060,365,baseline,independent-v2,True,0,0,0,0,kg,87.6754,30.2458,0.9651,218,43,46,5,219,136,1174,0,358,0,15,32,0,1514,0,195,6.0549,17.0144,2,original
60,long-break,520260060,365,refined,independent-v2,True,0,0,0,0,kg,87.6754,30.2458,0.9651,218,43,46,5,216,134,1179,6,356,0,15,0,0,1514,0,205,6.0549,17.0179,2,original
61,long-break,520260061,365,baseline,independent-v2,True,0,0,0,0,lb,67.6023,35.5893,0.9006,209,52,45,0,142,41,1282,160,361,24,12,31,0,1453,0,298,10.1202,20.1553,2,original
61,long-break,520260061,365,refined,independent-v2,True,4,0,0,0,lb,67.6023,35.5893,0.9006,209,52,45,0,151,46,1268,160,359,0,12,0,0,1453,0,298,10.1202,20.1565,2,original
62,long-break,520260062,365,baseline,independent-v2,True,0,0,0,0,kg,85.3427,29.219,0.9698,225,36,44,5,238,115,1223,0,353,34,17,29,0,1559,0,177,9.9041,21.6231,2,original
62,long-break,520260062,365,refined,independent-v2,True,10,0,0,0,kg,85.3427,29.219,0.9698,225,36,44,5,247,120,1209,4,361,0,17,0,0,1559,0,183,9.9041,21.6228,2,original
63,long-break,520260063,365,baseline,independent-v2,True,0,0,0,0,lb,86.0864,45.745,0.9719,227,34,45,0,217,61,1311,85,364,0,11,35,0,1578,0,220,12.9016,25.0344,2,original
63,long-break,520260063,365,refined,independent-v2,True,0,0,0,0,lb,86.0864,45.745,0.9719,227,34,45,0,212,61,1316,92,352,0,11,0,0,1578,0,231,12.9016,25.039,2,original
64,long-break,520260064,365,baseline,independent-v2,True,0,0,0,0,kg,66.9713,28.858,0.9889,227,34,45,0,174,94,1321,89,404,25,11,35,0,1578,0,275,6.8324,17.4418,2,original
64,long-break,520260064,365,refined,independent-v2,True,6,0,0,0,kg,66.9713,28.858,0.9889,227,34,45,0,180,99,1310,89,400,0,11,0,0,1578,0,270,6.8324,17.4397,2,original
65,long-break,520260065,365,baseline,independent-v2,True,0,0,0,0,lb,55.9896,32.9013,0.9576,220,41,46,5,150,44,1346,196,344,34,15,33,0,1525,3,358,10.6551,20.9252,2,original
65,long-break,520260065,365,refined,independent-v2,True,1,0,0,0,lb,55.9896,32.9013,0.9576,220,41,46,5,157,48,1335,209,345,0,15,0,0,1525,2,366,10.6551,20.9252,2,original
66,long-break,520260066,365,baseline,independent-v2,True,0,0,0,0,kg,98.0336,39.5162,0.9857,226,35,44,0,241,94,1247,53,377,0,21,36,0,1561,0,209,11.9769,23.5648,2,original
66,long-break,520260066,365,refined,independent-v2,True,0,0,0,0,kg,98.0336,39.5162,0.9857,226,35,44,0,238,95,1249,53,373,0,21,0,0,1561,0,210,11.9769,23.5671,2,original
67,long-break,520260067,365,baseline,independent-v2,True,0,0,0,0,lb,58.0867,28.3507,0.8783,200,61,43,5,105,52,1243,259,343,21,10,35,0,1390,1,503,5.3617,14.0129,2,original
67,long-break,520260067,365,refined,independent-v2,True,6,0,0,0,lb,58.0867,28.3507,0.8783,200,61,43,5,108,55,1237,276,344,0,10,0,0,1390,1,506,5.3617,14.013,2,original
68,long-break,520260068,365,baseline,independent-v2,True,0,0,0,0,kg,72.8632,28.773,0.9482,217,44,42,5,127,44,1346,197,344,25,15,29,0,1502,0,375,8.0563,17.4524,2,original
68,long-break,520260068,365,refined,independent-v2,True,4,0,0,0,kg,72.8632,28.773,0.9482,217,44,42,5,137,52,1328,197,346,0,15,0,0,1502,0,376,8.0563,17.455,2,original
69,long-break,520260069,365,baseline,independent-v2,True,0,0,0,0,lb,62.4742,39.0386,0.8716,209,52,45,0,256,56,1154,35,359,0,13,27,0,1453,0,157,16.5699,29.0183,2,original
69,long-break,520260069,365,refined,independent-v2,True,0,0,0,0,lb,62.4742,39.0386,0.8716,209,52,45,0,241,53,1172,77,359,0,13,0,0,1453,7,156,16.5699,29.0145,2,original
70,coarse-equipment,520260070,365,baseline,independent-v2,True,0,0,0,0,kg,64.9769,25.4428,0.9288,245,16,50,4,30,10,1673,657,386,30,15,37,0,1698,7,194,2.2899,21.335,1,original
70,coarse-equipment,520260070,365,refined,independent-v2,True,9,0,0,0,kg,64.9769,25.4428,0.9288,245,16,50,4,39,16,1658,657,386,0,15,0,0,1698,7,199,2.2899,21.3357,1,original
71,coarse-equipment,520260071,365,baseline,independent-v2,True,0,0,0,0,lb,91.6729,26.9776,0.9269,239,22,48,5,18,2,1656,706,392,35,11,35,0,1665,10,227,1.8271,22.4521,1,original
71,coarse-equipment,520260071,365,refined,independent-v2,True,1,0,0,0,lb,91.6729,26.9776,0.9269,239,22,48,5,22,2,1652,720,396,0,11,0,0,1665,10,240,1.8271,22.4496,1,original
72,coarse-equipment,520260072,365,baseline,independent-v2,True,0,0,0,0,kg,56.0052,31.4474,0.9809,255,6,46,5,45,14,1726,571,430,0,11,36,0,1774,0,280,2.4462,19.7772,1,original
72,coarse-equipment,520260072,365,refined,independent-v2,True,0,0,0,0,kg,56.0052,31.4474,0.9809,255,6,46,5,45,14,1726,571,430,0,11,0,0,1774,0,280,2.4462,19.7772,1,original
73,coarse-equipment,520260073,365,baseline,independent-v2,True,0,0,0,0,lb,95.8217,43.2359,0.9705,252,9,50,0,56,7,1703,808,462,56,14,33,0,1752,375,90,4.4344,35.885,1,original
73,coarse-equipment,520260073,365,refined,independent-v2,True,2,0,0,0,lb,95.8217,43.2359,0.9705,252,9,50,0,67,9,1690,815,463,0,14,1,0,1752,352,100,4.4344,35.8831,1,original
74,coarse-equipment,520260074,365,baseline,independent-v2,True,0,0,0,0,kg,94.165,33.5312,0.8921,224,37,49,3,19,5,1549,540,395,35,13,36,0,1560,7,302,1.5786,19.7259,1,original
74,coarse-equipment,520260074,365,refined,independent-v2,True,1,0,0,0,kg,94.165,33.5312,0.8921,224,37,49,0,21,4,1548,567,404,0,14,0,0,1559,7,319,1.4873,19.7627,1,original
75,coarse-equipment,520260075,365,baseline,independent-v2,True,0,0,0,0,lb,67.1373,31.8707,0.9521,245,16,51,0,20,30,1667,803,401,0,13,44,0,1704,89,136,-0.4644,24.2145,1,original
75,coarse-equipment,520260075,365,refined,independent-v2,True,0,0,0,0,lb,67.1373,31.8707,0.9521,245,16,51,0,25,30,1662,787,403,0,13,0,0,1704,89,154,-0.4644,24.2154,1,original
76,coarse-equipment,520260076,365,baseline,independent-v2,True,0,0,0,0,kg,89.4176,39.3925,0.9122,237,24,52,4,31,6,1617,831,385,39,15,38,0,1639,293,97,2.4112,32.1879,1,original
76,coarse-equipment,520260076,365,refined,independent-v2,True,2,0,0,0,kg,89.4176,39.3925,0.9122,237,24,52,4,40,6,1608,842,380,0,15,0,0,1639,284,111,2.4112,32.1951,1,original
77,coarse-equipment,520260077,365,baseline,independent-v2,True,0,0,0,0,lb,99.2185,45.2122,0.9339,244,17,50,5,51,9,1645,792,436,48,11,40,0,1694,477,107,4.7432,37.0825,1,original
77,coarse-equipment,520260077,365,refined,independent-v2,True,2,0,0,0,lb,99.2185,45.2122,0.9339,244,17,50,5,63,11,1631,795,436,0,11,0,0,1694,467,114,4.7432,37.0764,1,original
78,coarse-equipment,520260078,365,baseline,independent-v2,True,0,0,0,0,kg,66.0704,35.7771,0.8816,225,36,51,5,14,2,1557,695,365,0,10,40,0,1563,28,230,1.3844,23.051,1,original
78,coarse-equipment,520260078,365,refined,independent-v2,True,0,0,0,0,kg,66.0704,35.7771,0.8816,225,36,51,5,18,2,1553,683,366,0,10,0,0,1563,27,246,1.3844,23.0452,1,original
79,coarse-equipment,520260079,365,baseline,independent-v2,True,0,0,0,0,lb,88.9667,23.1381,0.9099,240,21,49,5,35,5,1641,340,429,29,7,38,0,1674,0,340,3.62,17.163,1,original
79,coarse-equipment,520260079,365,refined,independent-v2,True,4,0,0,0,lb,88.9667,23.1381,0.9099,240,21,49,5,40,9,1632,348,431,0,7,0,0,1674,0,341,3.62,17.1668,1,original
80,noisy-RIR,520260080,365,baseline,independent-v2,True,0,0,0,0,kg,81.0029,42.9811,0.8955,216,45,50,5,268,49,1191,38,585,25,12,35,0,1496,1,143,18.9735,32.3455,1,original
80,noisy-RIR,520260080,365,refined,independent-v2,True,6,0,0,0,kg,81.0029,42.9811,0.8955,216,45,50,5,278,51,1179,40,583,0,13,0,0,1495,0,147,18.9735,32.3389,1,original
81,noisy-RIR,520260081,365,baseline,independent-v2,True,0,0,0,0,lb,83.9899,22.5627,0.9892,257,4,52,0,181,126,1493,20,721,0,10,42,0,1790,0,253,4.879,14.6085,1,original
81,noisy-RIR,520260081,365,refined,independent-v2,True,0,0,0,0,lb,83.9899,22.5627,0.9892,257,4,52,0,175,119,1506,38,724,0,10,0,0,1790,0,270,4.879,14.6096,1,original
82,noisy-RIR,520260082,365,baseline,independent-v2,True,0,0,0,0,kg,87.2271,25.8276,0.8812,233,28,51,5,197,94,1335,43,642,18,14,38,0,1612,0,260,8.7412,18.8906,1,original
82,noisy-RIR,520260082,365,refined,independent-v2,True,4,0,0,0,kg,87.2271,25.8276,0.8812,233,28,51,5,204,98,1324,48,641,0,14,0,0,1612,0,269,8.7412,18.8945,1,original
83,noisy-RIR,520260083,365,baseline,independent-v2,True,0,0,0,0,lb,94.7025,45.4254,0.9106,230,31,52,4,309,53,1252,8,630,30,16,36,0,1598,15,127,20.4612,33.9458,1,original
83,noisy-RIR,520260083,365,refined,independent-v2,True,2,0,0,0,lb,94.7025,45.4254,0.9106,230,31,52,4,320,55,1239,16,631,0,16,0,0,1598,0,141,20.4612,33.9473,1,original
84,noisy-RIR,520260084,365,baseline,independent-v2,True,0,0,0,0,kg,74.23,41.4746,0.9609,243,18,45,5,314,58,1332,1,643,0,13,31,0,1691,0,123,18.5498,31.8311,1,original
84,noisy-RIR,520260084,365,refined,independent-v2,True,0,0,0,0,kg,74.23,41.4746,0.9609,243,18,45,5,302,56,1346,5,652,0,13,0,0,1691,0,126,18.5498,31.8279,1,original
85,noisy-RIR,520260085,365,baseline,independent-v2,True,0,0,0,0,lb,95.6011,35.4109,0.9208,244,17,50,5,290,66,1354,0,669,26,12,33,0,1698,6,119,17.4588,29.0845,1,original
85,noisy-RIR,520260085,365,refined,independent-v2,True,2,0,0,0,lb,95.6011,35.4109,0.9208,244,17,50,5,296,66,1348,11,663,0,12,0,0,1698,0,129,17.4588,29.085,1,original
86,noisy-RIR,520260086,365,baseline,independent-v2,True,0,0,0,0,kg,73.6964,27.308,0.9316,238,23,51,4,199,94,1366,0,649,21,17,36,0,1642,0,191,7.584,19.2412,1,original
86,noisy-RIR,520260086,365,refined,independent-v2,True,6,0,0,0,kg,73.6964,27.308,0.9316,238,23,51,4,207,102,1350,0,649,0,17,0,0,1642,0,193,7.584,19.2453,1,original
87,noisy-RIR,520260087,365,baseline,independent-v2,True,0,0,0,0,lb,72.9029,44.2043,0.921,234,27,49,0,241,41,1358,206,662,0,13,37,0,1627,170,105,17.7646,36.4435,1,original
87,noisy-RIR,520260087,365,refined,independent-v2,True,0,0,0,0,lb,72.9029,44.2043,0.921,234,27,49,0,230,40,1370,210,661,0,13,0,0,1627,170,111,17.7646,36.4485,1,original
88,noisy-RIR,520260088,365,baseline,independent-v2,True,0,0,0,0,kg,65.6869,38.2128,0.9092,233,28,50,4,163,39,1429,126,629,29,6,37,0,1625,0,312,12.1381,23.6005,1,original
88,noisy-RIR,520260088,365,refined,independent-v2,True,6,0,0,0,kg,65.6869,38.2128,0.9092,233,28,50,4,171,45,1415,126,629,0,6,0,0,1625,0,307,12.1381,23.598,1,original
89,noisy-RIR,520260089,365,baseline,independent-v2,True,0,0,0,0,lb,85.2907,26.5657,0.9752,254,7,50,5,227,87,1463,0,700,23,17,35,0,1760,0,182,10.3236,21.3674,1,original
89,noisy-RIR,520260089,365,refined,independent-v2,True,6,0,0,0,lb,85.2907,26.5657,0.9752,254,7,50,5,233,90,1454,0,703,0,17,0,0,1760,0,183,10.3236,21.3683,1,original
90,conservative-effort,520260090,365,baseline,independent-v2,True,0,0,0,0,kg,99.9662,41.0458,0.9223,234,27,50,5,1,9,1629,0,1577,0,14,39,0,1625,0,1000,-0.6265,15.9137,1,original
90,conservative-effort,520260090,365,refined,independent-v2,True,0,0,0,0,kg,99.9662,41.0458,0.9223,234,27,50,5,1,9,1629,0,1577,0,14,1,0,1625,0,1000,-0.6265,15.9137,1,original
91,conservative-effort,520260091,365,baseline,independent-v2,True,0,0,0,0,lb,56.3774,30.1268,0.9899,255,6,50,5,0,4,1780,3,1728,0,12,41,0,1772,0,1422,-0.2853,11.757,1,original
91,conservative-effort,520260091,365,refined,independent-v2,True,0,0,0,0,lb,56.3774,30.1268,0.9899,255,6,50,5,0,4,1780,3,1728,0,12,0,0,1772,0,1422,-0.2853,11.757,1,original
92,conservative-effort,520260092,365,baseline,independent-v2,True,0,0,0,0,kg,83.7238,33.2708,0.9653,248,13,50,5,1,4,1733,0,1673,2,19,38,0,1719,0,1124,-0.25,15.3059,1,original
92,conservative-effort,520260092,365,refined,independent-v2,True,1,0,0,0,kg,83.7238,33.2708,0.9653,248,13,50,5,1,6,1731,0,1673,0,19,1,0,1719,0,1113,-0.25,15.2878,1,original
93,conservative-effort,520260093,365,baseline,independent-v2,True,0,0,0,0,lb,84.8905,23.8122,0.9596,249,12,49,4,0,11,1733,0,1687,0,18,41,0,1726,0,1458,-0.7865,9.6293,1,original
93,conservative-effort,520260093,365,refined,independent-v2,True,0,0,0,0,lb,84.8905,23.8122,0.9596,249,12,49,4,0,10,1734,1,1687,0,18,0,0,1726,0,1463,-0.7865,9.6363,1,original
94,conservative-effort,520260094,365,baseline,independent-v2,True,0,0,0,0,kg,70.9548,30.2168,0.9007,242,19,49,4,0,7,1685,1,1634,1,17,38,0,1675,0,1399,-0.5428,10.5614,1,original
94,conservative-effort,520260094,365,refined,independent-v2,True,1,0,0,0,kg,70.9548,30.2168,0.9007,242,19,49,4,0,8,1684,1,1634,0,17,0,0,1675,0,1396,-0.5428,10.5425,1,original
95,conservative-effort,520260095,365,baseline,independent-v2,True,0,0,0,0,lb,99.9684,30.3573,0.9675,249,12,49,5,0,4,1739,8,1680,2,11,41,0,1732,0,1477,-0.2993,10.2566,1,original
95,conservative-effort,520260095,365,refined,independent-v2,True,0,0,0,0,lb,99.9684,30.3573,0.9675,249,12,49,5,0,4,1739,10,1680,0,11,1,0,1732,0,1477,-0.2993,10.2566,1,original
96,conservative-effort,520260096,365,baseline,independent-v2,True,0,0,0,0,kg,70.9937,27.6359,0.8814,218,43,51,5,0,6,1526,0,1478,0,10,37,0,1522,0,1073,-0.4554,13.5978,1,original
96,conservative-effort,520260096,365,refined,independent-v2,True,0,0,0,0,kg,70.9937,27.6359,0.8814,218,43,51,5,0,6,1526,0,1478,0,10,0,0,1522,0,1073,-0.4554,13.5978,1,original
97,conservative-effort,520260097,365,baseline,independent-v2,True,0,0,0,0,lb,60.6643,38.1487,0.915,242,19,50,5,1,6,1685,2,1626,1,18,44,0,1674,0,1037,-0.388,16.358,1,original
97,conservative-effort,520260097,365,refined,independent-v2,True,1,0,0,0,lb,60.6643,38.1487,0.915,242,19,50,5,1,7,1684,2,1626,0,18,0,0,1674,0,1027,-0.388,16.3484,1,original
98,conservative-effort,520260098,365,baseline,independent-v2,True,0,0,0,0,kg,59.7985,32.1075,0.9433,245,16,48,5,1,4,1709,4,1656,1,12,39,0,1702,0,1262,-0.1792,13.2718,1,original
98,conservative-effort,520260098,365,refined,independent-v2,True,1,0,0,0,kg,59.7985,32.1075,0.9433,245,16,48,5,1,5,1708,4,1656,0,12,0,0,1702,0,1254,-0.1792,13.2566,1,original
99,conservative-effort,520260099,365,baseline,independent-v2,True,0,0,0,0,lb,56.6251,33.5823,0.8816,227,34,49,5,0,4,1584,4,1522,0,19,34,0,1569,0,935,-0.2382,16.9226,1,original
99,conservative-effort,520260099,365,refined,independent-v2,True,0,0,0,0,lb,56.6251,33.5823,0.8816,227,34,49,5,0,3,1585,5,1522,0,19,0,0,1569,0,940,-0.2382,16.9235,1,original
100,pain-episodes,520260100,365,baseline,independent-v2,True,0,0,0,0,kg,75.9742,28.0363,0.9337,237,24,50,19,204,111,1345,0,416,35,27,37,0,1633,0,194,7.1386,18.1857,1,original
100,pain-episodes,520260100,365,refined,independent-v2,True,4,2,2,0,kg,75.9742,28.0363,0.9337,237,24,50,19,232,121,1307,0,395,0,29,0,0,1631,0,196,8.2197,17.3071,1,original
101,pain-episodes,520260101,365,baseline,independent-v2,True,0,0,0,0,lb,72.3507,33.4194,0.9338,244,17,51,13,252,100,1356,0,380,29,28,34,0,1680,0,162,12.1285,23.9249,1,original
101,pain-episodes,520260101,365,refined,independent-v2,True,8,1,1,0,lb,72.3507,33.4194,0.9338,244,17,51,9,274,100,1334,0,395,0,30,0,0,1678,0,159,13.6766,23.6761,1,original
102,pain-episodes,520260102,365,baseline,independent-v2,True,0,0,0,0,kg,89.679,29.0555,0.9759,251,10,49,15,194,75,1490,120,399,0,40,38,0,1719,0,292,9.7164,19.9211,1,original
102,pain-episodes,520260102,365,refined,independent-v2,True,0,1,1,0,kg,89.679,29.0555,0.9759,251,10,49,10,207,79,1473,111,390,0,41,1,0,1718,0,300,10.8875,19.537,1,original
103,pain-episodes,520260103,365,baseline,independent-v2,True,0,0,0,0,lb,65.4562,24.4953,0.9384,238,23,49,19,103,45,1523,247,370,26,29,31,0,1642,0,474,5.8157,15.7354,1,original
103,pain-episodes,520260103,365,refined,independent-v2,True,8,1,0,0,lb,65.4562,24.4953,0.9384,238,23,49,14,132,58,1481,253,377,0,31,0,0,1640,0,441,7.3602,15.0619,1,original
104,pain-episodes,520260104,365,baseline,independent-v2,True,0,0,0,0,kg,68.2037,35.5918,0.9662,245,16,50,23,208,91,1418,71,379,33,34,34,0,1683,0,274,10.9044,20.0497,1,original
104,pain-episodes,520260104,365,refined,independent-v2,True,6,1,0,0,kg,68.2037,35.5918,0.9662,245,16,50,15,221,94,1402,60,420,0,38,0,0,1679,0,241,11.6009,19.1867,1,original
105,pain-episodes,520260105,365,baseline,independent-v2,True,0,0,0,0,lb,57.2289,27.2044,0.9881,255,6,51,20,232,101,1451,54,417,0,39,37,0,1745,0,231,10.8403,22.2317,1,original
105,pain-episodes,520260105,365,refined,independent-v2,True,0,1,1,0,lb,57.2289,27.2044,0.9881,255,6,51,10,224,83,1477,86,445,0,36,0,0,1748,0,214,12.1275,21.94,1,original
106,pain-episodes,520260106,365,baseline,independent-v2,True,0,0,0,0,kg,63.6565,44.6707,0.9688,250,11,50,24,343,67,1341,0,388,40,45,27,0,1706,13,119,23.2949,34.8577,1,original
106,pain-episodes,520260106,365,refined,independent-v2,True,10,1,1,0,kg,63.6565,44.6707,0.9688,250,11,50,15,373,73,1305,0,397,0,40,0,0,1711,1,112,24.4426,34.3006,1,original
107,pain-episodes,520260107,365,baseline,independent-v2,True,0,0,0,0,lb,99.3825,25.6768,0.8814,232,29,50,17,216,101,1310,0,367,27,44,33,0,1583,0,181,9.3847,20.5577,1,original
107,pain-episodes,520260107,365,refined,independent-v2,True,1,1,1,0,lb,99.3825,25.6768,0.8814,232,29,50,13,227,95,1305,16,363,0,43,0,0,1584,0,178,10.4578,20.1968,1,original
108,pain-episodes,520260108,365,baseline,independent-v2,True,0,0,0,0,kg,69.5591,42.1447,0.9234,236,25,50,17,219,39,1390,112,359,0,40,31,0,1608,0,239,16.4408,29.8013,1,original
108,pain-episodes,520260108,365,refined,independent-v2,True,0,1,0,0,kg,69.5591,42.1447,0.9234,236,25,50,17,231,39,1378,118,359,0,42,0,0,1606,0,245,18.1359,29.1491,1,original
109,pain-episodes,520260109,365,baseline,independent-v2,True,0,0,0,0,lb,82.9841,38.7087,0.948,243,18,50,24,202,39,1464,153,368,29,38,32,0,1667,0,326,16.9507,28.7787,1,original
109,pain-episodes,520260109,365,refined,independent-v2,True,4,1,1,0,lb,82.9841,38.7087,0.948,243,18,50,14,210,32,1463,146,389,0,36,0,0,1669,0,283,17.8392,28.3057,1,original
110,custom-three-day,520260110,365,baseline,independent-v2,True,0,0,0,0,kg,62.9888,34.5625,0.983,152,5,52,3,146,26,843,29,245,34,9,31,1,1006,16,87,19.2056,26.8128,1,original
110,custom-three-day,520260110,365,refined,independent-v2,True,1,0,0,0,kg,62.9888,34.5625,0.983,152,5,52,3,157,28,830,29,247,0,9,0,0,1006,0,90,19.2056,26.8106,1,original
111,custom-three-day,520260111,365,baseline,independent-v2,True,0,0,0,0,lb,82.6672,34.8147,0.8973,138,19,50,2,173,32,720,2,231,0,9,23,1,916,0,58,17.5122,25.8512,1,original
111,custom-three-day,520260111,365,refined,independent-v2,True,0,0,0,0,lb,82.6672,34.8147,0.8973,138,19,50,2,168,35,722,0,231,0,9,0,0,916,0,60,17.5122,25.8503,1,original
112,custom-three-day,520260112,365,baseline,independent-v2,True,0,0,0,0,kg,57.9549,39.5458,0.9521,144,13,50,0,148,30,782,17,253,32,12,24,0,948,4,69,18.0071,26.0053,1,original
112,custom-three-day,520260112,365,refined,independent-v2,True,3,0,0,0,kg,57.9549,39.5458,0.9521,144,13,50,0,157,33,770,18,254,0,12,0,0,948,0,72,18.0071,25.9993,1,original
113,custom-three-day,520260113,365,baseline,independent-v2,True,0,0,0,0,lb,56.0058,33.8708,0.9253,146,11,50,3,147,18,807,40,243,27,9,20,1,963,8,94,22.1251,28.3917,1,original
113,custom-three-day,520260113,365,refined,independent-v2,True,1,0,0,0,lb,56.0058,33.8708,0.9253,146,11,50,3,156,20,796,41,242,0,9,0,0,963,0,99,22.1251,28.3969,1,original
114,custom-three-day,520260114,365,baseline,independent-v2,True,0,0,0,0,kg,96.3205,35.3905,0.958,150,7,47,3,218,39,743,18,235,0,10,19,1,990,0,88,23.1489,30.5054,1,original
114,custom-three-day,520260114,365,refined,independent-v2,True,0,0,0,0,kg,96.3205,35.3905,0.958,150,7,47,3,203,43,754,18,235,0,10,0,0,990,0,91,23.1489,30.5058,1,original
115,custom-three-day,520260115,365,baseline,independent-v2,True,0,0,0,0,lb,92.4793,41.2061,0.9465,145,12,49,2,187,27,754,12,256,35,6,25,1,962,24,56,27.2239,33.772,1,original
115,custom-three-day,520260115,365,refined,independent-v2,True,1,0,0,0,lb,92.4793,41.2061,0.9465,145,12,49,2,199,31,738,15,254,0,6,0,0,962,0,66,27.2239,33.7742,1,original
116,custom-three-day,520260116,365,baseline,independent-v2,True,0,0,0,0,kg,66.849,45.1099,0.9596,146,11,49,3,193,20,761,19,234,36,10,26,1,964,32,61,30.4959,37.8722,1,original
116,custom-three-day,520260116,365,refined,independent-v2,True,3,0,0,0,kg,66.849,45.1099,0.9596,146,11,49,3,210,23,741,21,233,0,10,0,0,964,0,67,30.4959,37.8755,1,original
117,custom-three-day,520260117,365,baseline,independent-v2,True,0,0,0,0,lb,99.4213,44.8298,0.9555,148,9,50,2,127,11,849,288,267,0,10,30,1,977,295,32,13.531,38.053,1,original
117,custom-three-day,520260117,365,refined,independent-v2,True,0,0,0,0,lb,99.4213,44.8298,0.9555,148,9,50,0,113,12,862,293,269,0,10,0,0,977,298,42,13.531,38.1227,1,original
118,custom-three-day,520260118,365,baseline,independent-v2,True,0,0,0,0,kg,94.788,22.1248,0.9799,152,5,49,0,83,16,914,109,268,24,12,31,1,1001,0,197,11.6823,15.0849,1,original
118,custom-three-day,520260118,365,refined,independent-v2,True,1,0,0,0,kg,94.788,22.1248,0.9799,152,5,49,0,86,16,911,131,266,0,12,0,0,1001,0,218,11.6823,15.086,1,original
119,custom-three-day,520260119,365,baseline,independent-v2,True,0,0,0,0,lb,68.0115,30.1323,0.957,147,10,46,3,156,27,799,0,271,35,5,26,0,977,16,43,17.5428,26.1049,1,original
119,custom-three-day,520260119,365,refined,independent-v2,True,1,0,0,0,lb,68.0115,30.1323,0.957,147,10,46,3,167,29,786,0,274,0,5,0,0,977,0,50,17.5428,26.1039,1,original
0,novice,521160000,365,baseline,independent-v2,True,0,0,0,0,kg,96.7445,61.4879,0.9594,248,13,51,5,430,36,1269,47,417,0,17,27,0,1718,1,120,37.3129,51.9892,1,held-out
0,novice,521160000,365,refined,independent-v2,True,2,0,0,0,kg,96.7445,61.4879,0.9594,248,13,51,5,403,36,1296,51,412,0,17,0,0,1718,0,126,37.3129,52.0025,1,held-out
1,novice,521160001,365,baseline,independent-v2,True,0,0,0,0,lb,78.8863,77.2916,0.9321,240,21,49,5,512,20,1150,22,392,66,15,32,0,1667,72,67,51.2486,67.7261,1,held-out
1,novice,521160001,365,refined,independent-v2,True,2,0,0,0,lb,78.8863,77.2916,0.9321,240,21,49,5,542,23,1117,24,397,0,15,0,0,1667,2,72,51.2486,67.7305,1,held-out
2,novice,521160002,365,baseline,independent-v2,True,0,0,0,0,kg,57.3213,83.1414,0.9474,248,13,49,5,467,17,1251,46,412,62,12,31,0,1723,78,98,58.1341,74.4429,1,held-out
2,novice,521160002,365,refined,independent-v2,True,2,0,0,0,kg,57.3213,83.1414,0.9474,248,13,49,5,501,18,1216,46,415,0,12,0,0,1723,1,100,58.1341,74.4386,1,held-out
3,novice,521160003,365,baseline,independent-v2,True,0,0,0,0,lb,63.6872,78.7046,0.9311,240,21,49,0,538,28,1114,12,423,0,13,24,0,1667,0,64,45.9694,62.7784,1,held-out
3,novice,521160003,365,refined,independent-v2,True,0,0,0,0,lb,63.6872,78.7046,0.9311,240,21,49,0,494,27,1159,75,422,0,13,0,0,1667,59,64,45.9694,62.7791,1,held-out
4,novice,521160004,365,baseline,independent-v2,True,0,0,0,0,kg,81.7139,84.6578,0.9313,241,20,50,0,496,33,1158,18,415,61,14,27,0,1673,60,80,50.7467,67.6489,1,held-out
4,novice,521160004,365,refined,independent-v2,True,4,0,0,0,kg,81.7139,84.6578,0.9313,241,20,50,0,523,36,1128,19,413,0,14,0,0,1673,1,84,50.7467,67.6516,1,held-out
5,novice,521160005,365,baseline,independent-v2,True,0,0,0,0,lb,92.6505,85.558,0.8902,238,23,48,5,546,30,1089,8,408,65,6,22,0,1659,90,56,55.5118,73.8127,1,held-out
5,novice,521160005,365,refined,independent-v2,True,2,0,0,0,lb,92.6505,85.558,0.8902,238,23,48,5,573,32,1060,8,410,0,6,0,0,1659,19,60,55.5118,73.8028,1,held-out
6,novice,521160006,365,baseline,independent-v2,True,0,0,0,0,kg,95.0788,74.5293,0.937,241,20,51,5,523,31,1134,11,416,0,10,29,0,1678,1,66,37.7275,51.5827,1,held-out
6,novice,521160006,365,refined,independent-v2,True,0,0,0,0,kg,95.0788,74.5293,0.937,241,20,51,5,494,32,1162,11,414,0,10,0,0,1678,1,66,37.7275,51.5795,1,held-out
7,novice,521160007,365,baseline,independent-v2,True,0,0,0,0,lb,87.8894,62.5597,0.9812,253,8,49,5,452,40,1277,8,416,53,16,28,0,1753,58,73,42.5086,56.1256,1,held-out
7,novice,521160007,365,refined,independent-v2,True,2,0,0,0,lb,87.8894,62.5597,0.9812,253,8,49,5,473,43,1253,10,408,0,16,0,0,1753,0,79,42.5086,56.1255,1,held-out
8,novice,521160008,365,baseline,independent-v2,True,0,0,0,0,kg,91.8169,43.828,0.9654,253,8,49,5,235,44,1493,127,422,37,16,39,0,1756,7,264,19.3049,31.4296,1,held-out
8,novice,521160008,365,refined,independent-v2,True,2,0,0,0,kg,91.8169,43.828,0.9654,253,8,49,5,243,44,1485,147,422,0,16,0,0,1756,0,281,19.3049,31.4273,1,held-out
9,novice,521160009,365,baseline,independent-v2,True,0,0,0,0,lb,64.2048,44.5228,0.9725,248,13,48,5,231,28,1478,176,385,0,21,37,0,1716,0,295,22.8545,34.1761,1,held-out
9,novice,521160009,365,refined,independent-v2,True,0,0,0,0,lb,64.2048,44.5228,0.9725,248,13,48,5,213,24,1500,221,382,0,21,0,0,1716,5,291,22.8545,34.1822,1,held-out
10,intermediate,521160010,365,baseline,independent-v2,True,0,0,0,0,kg,99.3047,42.4934,0.9311,245,16,50,4,352,74,1291,15,407,48,11,31,0,1706,19,134,21.708,33.6273,1,held-out
10,intermediate,521160010,365,refined,independent-v2,True,2,0,0,0,kg,99.3047,42.4934,0.9311,245,16,50,4,363,76,1278,17,413,0,11,0,0,1706,0,143,21.708,33.6148,1,held-out
11,intermediate,521160011,365,baseline,independent-v2,True,0,0,0,0,lb,80.346,37.0303,0.9303,243,18,51,5,256,131,1314,0,400,35,15,34,0,1686,0,215,9.708,20.7971,1,held-out
11,intermediate,521160011,365,refined,independent-v2,True,6,0,0,0,lb,80.346,37.0303,0.9303,243,18,51,5,266,139,1296,0,399,0,15,0,0,1686,0,208,9.708,20.7999,1,held-out
12,intermediate,521160012,365,baseline,independent-v2,True,0,0,0,0,kg,94.7218,34.0896,0.8932,236,25,51,5,265,121,1267,3,393,0,16,35,0,1637,0,208,11.0097,23.2897,1,held-out
12,intermediate,521160012,365,refined,independent-v2,True,0,0,0,0,kg,94.7218,34.0896,0.8932,236,25,51,5,263,124,1266,2,401,0,16,0,0,1637,0,212,11.0097,23.2955,1,held-out
13,intermediate,521160013,365,baseline,independent-v2,True,0,0,0,0,lb,75.965,25.7654,0.9396,241,20,51,5,190,78,1418,68,432,23,18,29,0,1668,0,249,10.3082,20.5561,1,held-out
13,intermediate,521160013,365,refined,independent-v2,True,8,0,0,0,lb,75.965,25.7654,0.9396,241,20,51,5,198,84,1404,68,438,0,18,0,0,1668,0,251,10.3082,20.5559,1,held-out
14,intermediate,521160014,365,baseline,independent-v2,True,0,0,0,0,kg,60.5843,32.7327,0.8953,226,35,50,5,174,44,1364,162,382,22,17,36,0,1565,0,343,12.8539,22.3892,1,held-out
14,intermediate,521160014,365,refined,independent-v2,True,5,0,0,0,kg,60.5843,32.7327,0.8953,226,35,50,5,181,47,1354,162,385,0,17,0,0,1565,0,338,12.8539,22.3797,1,held-out
15,intermediate,521160015,365,baseline,independent-v2,True,0,0,0,0,lb,96.1483,27.7328,0.9377,245,16,50,4,264,130,1322,2,409,0,16,35,0,1700,0,213,9.7999,21.4357,1,held-out
15,intermediate,521160015,365,refined,independent-v2,True,0,0,0,0,lb,96.1483,27.7328,0.9377,245,16,50,4,259,131,1326,0,411,0,16,0,0,1700,0,215,9.7999,21.441,1,held-out
16,intermediate,521160016,365,baseline,independent-v2,True,0,0,0,0,kg,67.3258,23.5775,0.9128,237,24,51,0,178,142,1340,0,400,31,12,34,0,1648,0,234,2.772,13.6725,1,held-out
16,intermediate,521160016,365,refined,independent-v2,True,8,0,0,0,kg,67.3258,23.5775,0.9128,237,24,51,0,185,151,1324,0,406,0,12,0,0,1648,0,215,2.772,13.6705,1,held-out
17,intermediate,521160017,365,baseline,independent-v2,True,0,0,0,0,lb,69.0473,26.492,0.9762,257,4,50,5,228,128,1440,0,438,27,5,36,0,1791,0,230,7.3744,18.2303,1,held-out
17,intermediate,521160017,365,refined,independent-v2,True,6,0,0,0,lb,69.0473,26.492,0.9762,257,4,50,5,236,134,1426,0,441,0,6,0,0,1790,0,223,7.3744,18.2252,1,held-out
18,intermediate,521160018,365,baseline,independent-v2,True,0,0,0,0,kg,69.623,33.0592,0.9434,241,20,49,5,257,120,1307,0,399,0,19,37,0,1665,0,184,9.8544,21.9711,1,held-out
18,intermediate,521160018,365,refined,independent-v2,True,0,0,0,0,kg,69.623,33.0592,0.9434,241,20,49,5,251,115,1318,24,394,0,19,0,0,1665,0,207,9.8544,21.9771,1,held-out
19,intermediate,521160019,365,baseline,independent-v2,True,0,0,0,0,lb,75.4152,31.9772,0.9696,255,6,50,5,265,111,1411,0,430,36,16,39,0,1771,0,189,11.9879,24.3057,1,held-out
19,intermediate,521160019,365,refined,independent-v2,True,7,0,0,0,lb,75.4152,31.9772,0.9696,255,6,50,5,276,116,1395,0,436,0,16,0,0,1771,0,190,11.9879,24.2975,1,held-out
20,experienced,521160020,365,baseline,independent-v2,True,0,0,0,0,kg,90.2786,14.9254,0.9027,238,23,49,0,192,179,1296,0,406,30,18,39,0,1649,0,298,0.9345,10.7106,1,held-out
20,experienced,521160020,365,refined,independent-v2,True,1,0,0,0,kg,90.2786,14.9254,0.9027,238,23,49,0,194,179,1294,35,405,0,18,0,0,1649,0,310,0.9345,10.7094,1,held-out
21,experienced,521160021,365,baseline,independent-v2,True,0,0,0,0,lb,65.9848,15.1629,0.9208,237,24,50,4,189,168,1301,0,419,0,11,34,0,1647,0,244,1.3981,11.1896,1,held-out
21,experienced,521160021,365,refined,independent-v2,True,0,0,0,0,lb,65.9848,15.1629,0.9208,237,24,50,4,181,158,1319,21,424,0,11,0,0,1647,0,269,1.3981,11.1877,1,held-out
22,experienced,521160022,365,baseline,independent-v2,True,0,0,0,0,kg,60.3073,17.1312,0.9878,255,6,52,5,188,150,1447,0,417,31,22,35,0,1763,0,243,2.6435,13.0937,1,held-out
22,experienced,521160022,365,refined,independent-v2,True,8,0,0,0,kg,60.3073,17.1312,0.9878,255,6,52,5,193,155,1437,5,418,0,21,0,0,1764,0,236,2.6435,13.0914,1,held-out
23,experienced,521160023,365,baseline,independent-v2,True,0,0,0,0,lb,77.132,15.9416,0.9181,238,23,50,5,96,59,1514,268,428,16,12,43,0,1657,0,489,3.8661,12.4156,1,held-out
23,experienced,521160023,365,refined,independent-v2,True,10,0,0,0,lb,77.132,15.9416,0.9181,238,23,50,5,104,67,1498,268,427,0,12,1,0,1657,0,487,3.8661,12.4171,1,held-out
24,experienced,521160024,365,baseline,independent-v2,True,0,0,0,0,kg,69.2067,16.7758,0.9318,242,19,51,5,72,72,1550,352,398,0,12,39,0,1682,0,593,0.3735,9.445,1,held-out
24,experienced,521160024,365,refined,independent-v2,True,0,0,0,0,kg,69.2067,16.7758,0.9318,242,19,51,5,67,64,1563,384,398,0,12,0,0,1682,0,629,0.3735,9.4444,1,held-out
25,experienced,521160025,365,baseline,independent-v2,True,0,0,0,0,lb,97.619,14.5447,0.9297,241,20,49,5,92,60,1541,280,426,25,12,40,0,1681,0,573,3.3569,11.7949,1,held-out
25,experienced,521160025,365,refined,independent-v2,True,1,0,0,0,lb,97.619,14.5447,0.9297,241,20,49,0,96,62,1535,332,442,0,12,0,0,1681,0,603,3.3478,11.8215,1,held-out
26,experienced,521160026,365,baseline,independent-v2,True,0,0,0,0,kg,94.3821,18.9141,0.8911,230,31,49,4,179,153,1280,0,401,30,6,39,0,1606,0,289,1.6346,11.4653,1,held-out
26,experienced,521160026,365,refined,independent-v2,True,1,0,0,0,kg,94.3821,18.9141,0.8911,230,31,49,0,176,146,1290,32,436,0,5,0,0,1607,0,290,1.7909,11.5124,1,held-out
27,experienced,521160027,365,baseline,independent-v2,True,0,0,0,0,lb,55.9067,17.8448,0.9888,255,6,50,5,204,165,1418,5,424,0,12,36,0,1775,0,265,3.2834,13.8008,1,held-out
27,experienced,521160027,365,refined,independent-v2,True,0,0,0,0,lb,55.9067,17.8448,0.9888,255,6,50,5,196,156,1435,36,422,0,12,0,0,1775,0,269,3.2834,13.802,1,held-out
28,experienced,521160028,365,baseline,independent-v2,True,0,0,0,0,kg,56.9191,18.5854,0.9407,246,15,51,5,114,54,1554,231,388,25,20,40,0,1702,0,433,5.7179,14.9499,1,held-out
28,experienced,521160028,365,refined,independent-v2,True,1,0,0,0,kg,56.9191,18.5854,0.9407,246,15,51,5,120,58,1544,240,387,0,20,1,0,1702,0,438,5.7179,14.9503,1,held-out
29,experienced,521160029,365,baseline,independent-v2,True,0,0,0,0,lb,94.8891,12.2479,0.9852,257,4,48,5,158,177,1463,0,452,29,23,41,0,1775,0,334,-1.5996,9.2007,1,held-out
29,experienced,521160029,365,refined,independent-v2,True,1,0,0,0,lb,94.8891,12.2479,0.9852,257,4,48,5,159,177,1462,30,451,0,23,0,0,1775,0,339,-1.5996,9.2004,1,held-out
30,slow-response,521160030,365,baseline,independent-v2,True,0,0,0,0,kg,84.1801,6.7963,0.9588,242,19,51,0,124,196,1375,0,409,0,10,40,0,1685,0,282,-4.361,4.3845,1,held-out
30,slow-response,521160030,365,refined,independent-v2,True,0,0,0,0,kg,84.1801,6.7963,0.9588,242,19,51,0,120,182,1393,70,406,0,10,0,0,1685,0,348,-4.361,4.3871,1,held-out
31,slow-response,521160031,365,baseline,independent-v2,True,0,0,0,0,lb,63.6755,4.6771,0.9554,247,14,52,0,56,81,1593,645,434,62,16,40,0,1714,0,1093,-1.9166,2.8139,1,held-out
31,slow-response,521160031,365,refined,independent-v2,True,2,0,0,0,lb,63.6755,4.6771,0.9554,247,14,52,0,62,92,1576,649,437,0,16,0,0,1714,0,1023,-1.9166,2.8137,1,held-out
32,slow-response,521160032,365,baseline,independent-v2,True,0,0,0,0,kg,68.7927,4.1035,0.9217,239,22,50,5,109,189,1374,0,389,57,15,38,0,1657,0,359,-5.8572,2.8369,1,held-out
32,slow-response,521160032,365,refined,independent-v2,True,4,0,0,0,kg,68.7927,4.1035,0.9217,239,22,50,5,116,202,1354,0,389,0,15,0,0,1657,0,301,-5.8572,2.8372,1,held-out
33,slow-response,521160033,365,baseline,independent-v2,True,0,0,0,0,lb,58.9049,5.3265,0.9746,250,11,50,5,59,89,1601,654,410,0,14,41,0,1735,0,1018,-1.7335,3.5161,1,held-out
33,slow-response,521160033,365,refined,independent-v2,True,0,0,0,0,lb,58.9049,5.3265,0.9746,250,11,50,5,51,76,1622,723,411,0,14,0,0,1735,0,1091,-1.7335,3.5165,1,held-out
34,slow-response,521160034,365,baseline,independent-v2,True,0,0,0,0,kg,70.3275,5.6484,0.8853,231,30,51,4,44,69,1502,523,422,50,20,40,0,1595,0,939,-1.8939,3.9939,1,held-out
34,slow-response,521160034,365,refined,independent-v2,True,2,0,0,0,kg,70.3275,5.6484,0.8853,231,30,51,4,49,78,1488,523,419,0,20,0,0,1595,0,879,-1.8939,3.9933,1,held-out
35,slow-response,521160035,365,baseline,independent-v2,True,0,0,0,0,lb,85.1584,5.2817,0.9586,245,16,50,4,127,196,1390,0,407,65,16,43,0,1697,0,374,-4.8577,3.6336,1,held-out
35,slow-response,521160035,365,refined,independent-v2,True,2,0,0,0,lb,85.1584,5.2817,0.9586,245,16,50,4,131,207,1375,0,409,0,15,0,0,1698,0,305,-4.8577,3.6342,1,held-out
36,slow-response,521160036,365,baseline,independent-v2,True,0,0,0,0,kg,77.7743,5.4348,0.8706,216,45,49,4,102,186,1228,0,357,0,7,38,0,1509,0,294,-5.5039,3.8444,1,held-out
36,slow-response,521160036,365,refined,independent-v2,True,0,0,0,0,kg,77.7743,5.4348,0.8706,216,45,49,4,98,175,1243,55,353,0,7,0,0,1509,0,345,-5.5039,3.8448,1,held-out
37,slow-response,521160037,365,baseline,independent-v2,True,0,0,0,0,lb,58.4396,5.5064,0.8903,214,47,48,3,42,63,1395,537,384,48,11,37,0,1489,0,904,-1.5403,3.6325,1,held-out
37,slow-response,521160037,365,refined,independent-v2,True,0,0,0,0,lb,58.4396,5.5064,0.8903,214,47,48,3,42,63,1395,585,384,0,11,0,0,1489,0,904,-1.5403,3.6325,1,held-out
38,slow-response,521160038,365,baseline,independent-v2,True,0,0,0,0,kg,68.2564,5.9479,0.982,252,9,52,5,57,77,1629,601,428,54,17,40,0,1746,0,1046,-1.2618,4.3765,1,held-out
38,slow-response,521160038,365,refined,independent-v2,True,4,0,0,0,kg,68.2564,5.9479,0.982,252,9,52,5,64,90,1609,601,422,0,17,0,0,1746,0,987,-1.2618,4.3767,1,held-out
39,slow-response,521160039,365,baseline,independent-v2,True,0,0,0,0,lb,68.9813,6.6385,0.9265,238,23,47,0,125,178,1356,0,415,0,25,37,0,1634,0,269,-3.7287,5.4314,1,held-out
39,slow-response,521160039,365,refined,independent-v2,True,0,0,0,0,lb,68.9813,6.6385,0.9265,238,23,47,0,121,169,1369,43,415,0,25,0,0,1634,0,312,-3.7287,5.4309,1,held-out
40,poor-sleep,521160040,365,baseline,independent-v2,True,0,0,0,0,kg,62.3199,38.5611,0.9407,240,21,52,125,110,77,1492,110,195,18,19,13,0,1660,0,827,2.9398,16.719,1,held-out
40,poor-sleep,521160040,365,refined,independent-v2,True,6,5,1,13,kg,62.3199,38.5611,0.9407,240,21,52,125,148,79,1452,73,212,0,19,0,0,1660,0,691,5.8909,14.5954,1,held-out
41,poor-sleep,521160041,365,baseline,independent-v2,True,0,0,0,0,lb,91.9804,27.7427,0.8926,223,38,50,117,95,74,1389,154,162,16,10,16,0,1548,0,773,1.8736,14.5374,1,held-out
41,poor-sleep,521160041,365,refined,independent-v2,True,1,5,1,5,lb,91.9804,27.7427,0.8926,223,38,50,94,145,92,1321,164,215,0,10,1,0,1548,0,632,4.3653,13.1998,1,held-out
42,poor-sleep,521160042,365,baseline,independent-v2,True,0,0,0,0,kg,61.3842,37.4408,0.9153,233,28,51,111,181,177,1270,1,223,0,16,16,0,1612,0,586,0.5441,15.9306,1,held-out
42,poor-sleep,521160042,365,refined,independent-v2,True,0,4,0,10,kg,61.3842,37.4408,0.9153,233,28,51,102,205,151,1272,27,228,0,13,0,0,1615,0,502,3.8132,14.024,1,held-out
43,poor-sleep,521160043,365,baseline,independent-v2,True,0,0,0,0,lb,95.1321,31.9971,0.9273,237,24,46,123,85,62,1519,173,213,9,11,13,0,1655,0,955,3.0651,16.4484,1,held-out
43,poor-sleep,521160043,365,refined,independent-v2,True,1,4,0,14,lb,95.1321,31.9971,0.9273,237,24,46,118,109,49,1508,152,218,0,14,0,0,1652,0,849,6.3866,14.5915,1,held-out
44,poor-sleep,521160044,365,baseline,independent-v2,True,0,0,0,0,kg,83.8908,43.4713,0.973,250,11,50,118,165,49,1537,160,210,23,12,16,0,1739,0,677,11.0982,25.4576,1,held-out
44,poor-sleep,521160044,365,refined,independent-v2,True,8,4,0,8,kg,83.8908,43.4713,0.973,250,11,50,103,208,64,1479,167,261,0,15,0,0,1736,0,540,13.454,23.4697,1,held-out
45,poor-sleep,521160045,365,baseline,independent-v2,True,0,0,0,0,lb,82.0659,39.342,0.9487,249,12,51,119,177,111,1458,61,217,0,12,18,0,1734,0,716,5.4066,18.391,1,held-out
45,poor-sleep,521160045,365,refined,independent-v2,True,0,6,2,7,lb,82.0659,39.342,0.9487,249,12,51,109,221,110,1415,49,234,0,10,0,0,1736,0,608,8.9615,16.3661,1,held-out
46,poor-sleep,521160046,365,baseline,independent-v2,True,0,0,0,0,kg,80.876,37.5707,0.9633,247,14,48,126,218,126,1386,0,208,21,7,12,0,1723,0,660,6.9973,22.1274,1,held-out
46,poor-sleep,521160046,365,refined,independent-v2,True,8,4,0,14,kg,80.876,37.5707,0.9633,247,14,48,126,246,116,1368,0,217,0,10,0,0,1720,0,565,9.7684,19.5136,1,held-out
47,poor-sleep,521160047,365,baseline,independent-v2,True,0,0,0,0,lb,96.6012,31.8277,0.9249,229,32,52,134,129,120,1351,0,158,10,11,15,0,1589,0,652,0.6337,14.8787,1,held-out
47,poor-sleep,521160047,365,refined,independent-v2,True,1,4,0,15,lb,96.6012,31.8277,0.9249,229,32,52,125,166,114,1320,11,176,0,14,0,0,1586,0,521,3.5625,13.19,1,held-out
48,poor-sleep,521160048,365,baseline,independent-v2,True,0,0,0,0,kg,55.3484,43.2995,0.8742,232,29,47,93,162,61,1398,137,230,0,18,18,0,1603,0,650,9.1756,23.584,1,held-out
48,poor-sleep,521160048,365,refined,independent-v2,True,0,4,0,5,kg,55.3484,43.2995,0.8742,232,29,47,83,185,53,1383,168,261,0,21,0,0,1600,1,561,12.443,21.2844,1,held-out
49,poor-sleep,521160049,365,baseline,independent-v2,True,0,0,0,0,lb,83.2938,44.5203,0.9756,253,8,50,118,195,140,1439,28,227,15,11,13,0,1763,0,670,5.9799,20.7916,1,held-out
49,poor-sleep,521160049,365,refined,independent-v2,True,4,4,0,10,lb,83.2938,44.5203,0.9756,253,8,50,113,204,118,1452,43,250,0,13,0,0,1761,0,619,8.9344,18.378,1,held-out
50,missed-sessions,521160050,365,baseline,independent-v2,True,0,0,0,0,kg,57.7825,33.1094,0.6238,159,102,38,0,171,54,883,65,281,18,12,24,1,1096,0,186,10.1706,20.0234,1,held-out
50,missed-sessions,521160050,365,refined,independent-v2,True,3,0,0,0,kg,57.7825,33.1094,0.6238,159,102,38,0,178,57,873,73,280,0,12,0,0,1096,0,189,10.1706,20.022,1,held-out
51,missed-sessions,521160051,365,baseline,independent-v2,True,0,0,0,0,lb,88.7972,36.8835,0.6973,188,73,36,0,227,62,1024,30,326,0,6,18,0,1307,0,140,13.264,24.1851,1,held-out
51,missed-sessions,521160051,365,refined,independent-v2,True,0,0,0,0,lb,88.7972,36.8835,0.6973,188,73,36,0,224,63,1026,30,327,0,6,0,0,1307,0,141,13.264,24.1865,1,held-out
52,missed-sessions,521160052,365,baseline,independent-v2,True,0,0,0,0,kg,87.8495,40.2374,0.6555,181,80,39,2,218,66,980,0,321,18,12,19,0,1252,0,119,11.109,21.888,1,held-out
52,missed-sessions,521160052,365,refined,independent-v2,True,2,0,0,0,kg,87.8495,40.2374,0.6555,181,80,39,2,221,67,976,4,322,0,12,0,0,1252,0,120,11.109,21.8883,1,held-out
53,missed-sessions,521160053,365,baseline,independent-v2,True,0,0,0,0,lb,86.4765,37.9275,0.6002,160,101,36,2,209,48,863,34,278,13,13,23,0,1107,0,121,13.9052,22.7877,1,held-out
53,missed-sessions,521160053,365,refined,independent-v2,True,6,0,0,0,lb,86.4765,37.9275,0.6002,160,101,36,2,216,52,852,35,279,0,13,0,0,1107,0,119,13.9052,22.7876,1,held-out
54,missed-sessions,521160054,365,baseline,independent-v2,True,0,0,0,0,kg,57.9208,32.9946,0.6658,169,92,36,3,137,31,1020,79,279,0,8,21,0,1180,0,183,10.2048,19.2937,1,held-out
54,missed-sessions,521160054,365,refined,independent-v2,True,0,0,0,0,kg,57.9208,32.9946,0.6658,169,92,36,3,133,29,1026,97,280,0,8,0,0,1180,0,186,10.2048,19.2946,1,held-out
55,missed-sessions,521160055,365,baseline,independent-v2,True,0,0,0,0,lb,57.1801,23.7113,0.6924,180,81,42,0,175,86,1004,23,302,23,6,25,0,1259,0,158,7.2887,17.4154,1,held-out
55,missed-sessions,521160055,365,refined,independent-v2,True,1,0,0,0,lb,57.1801,23.7113,0.6924,180,81,42,0,184,91,990,25,303,0,6,0,0,1259,0,164,7.2887,17.4167,1,held-out
56,missed-sessions,521160056,365,baseline,independent-v2,True,0,0,0,0,kg,80.5482,32.3295,0.6083,174,87,39,3,134,40,1042,119,302,18,11,22,0,1205,0,254,9.3138,18.5652,1,held-out
56,missed-sessions,521160056,365,refined,independent-v2,True,4,0,0,0,kg,80.5482,32.3295,0.6083,174,87,39,3,141,43,1032,122,301,0,11,0,0,1205,0,254,9.3138,18.5662,1,held-out
57,missed-sessions,521160057,365,baseline,independent-v2,True,0,0,0,0,lb,63.7146,33.2286,0.5621,148,113,35,2,194,87,750,0,242,0,5,16,0,1026,0,139,8.0693,16.3775,1,held-out
57,missed-sessions,521160057,365,refined,independent-v2,True,0,0,0,0,lb,63.7146,33.2286,0.5621,148,113,35,2,190,84,757,9,243,0,5,0,0,1026,0,141,8.0693,16.378,1,held-out
58,missed-sessions,521160058,365,baseline,independent-v2,True,0,0,0,0,kg,71.9747,27.8077,0.6384,174,87,39,0,191,102,927,0,304,17,8,21,0,1212,0,161,6.5169,17.1295,1,held-out
58,missed-sessions,521160058,365,refined,independent-v2,True,8,0,0,0,kg,71.9747,27.8077,0.6384,174,87,39,0,200,110,910,0,303,0,9,0,0,1211,0,158,6.5169,17.1287,1,held-out
59,missed-sessions,521160059,365,baseline,independent-v2,True,0,0,0,0,lb,87.5269,41.1649,0.6967,181,80,39,4,247,73,947,6,327,29,12,21,0,1255,3,129,13.37,23.589,1,held-out
59,missed-sessions,521160059,365,refined,independent-v2,True,3,0,0,0,lb,87.5269,41.1649,0.6967,181,80,39,4,254,74,939,15,328,0,12,0,0,1255,0,140,13.37,23.589,1,held-out
60,long-break,521160060,365,baseline,independent-v2,True,0,0,0,0,kg,76.8132,34.9474,0.8819,201,60,45,5,231,70,1105,40,340,0,8,33,0,1398,0,187,13.6703,24.14,2,held-out
60,long-break,521160060,365,refined,independent-v2,True,0,0,0,0,kg,76.8132,34.9474,0.8819,201,60,45,5,223,65,1118,50,341,0,8,0,0,1398,0,194,13.6703,24.1495,2,held-out
61,long-break,521160061,365,baseline,independent-v2,True,0,0,0,0,lb,69.8027,30.303,0.9079,211,50,44,5,240,126,1114,1,360,30,14,29,0,1466,0,219,8.2608,19.2074,2,held-out
61,long-break,521160061,365,refined,independent-v2,True,4,0,0,0,lb,69.8027,30.303,0.9079,211,50,44,5,251,133,1096,1,363,0,13,0,0,1467,0,218,8.2608,19.2032,2,held-out
62,long-break,521160062,365,baseline,independent-v2,True,0,0,0,0,kg,90.148,24.8392,0.9855,222,39,45,5,119,54,1382,261,337,24,12,31,0,1543,1,457,6.0726,15.3857,2,held-out
62,long-break,521160062,365,refined,independent-v2,True,1,0,0,0,kg,90.148,24.8392,0.9855,222,39,45,5,121,54,1380,283,336,0,12,3,0,1543,1,465,6.0726,15.3849,2,held-out
63,long-break,521160063,365,baseline,independent-v2,True,0,0,0,0,lb,64.8922,43.4494,0.9791,227,34,46,0,266,78,1246,34,399,0,15,33,0,1575,0,179,15.4264,27.1404,2,held-out
63,long-break,521160063,365,refined,independent-v2,True,0,0,0,0,lb,64.8922,43.4494,0.9791,227,34,46,0,256,73,1261,44,402,0,15,0,0,1575,0,184,15.4264,27.1466,2,held-out
64,long-break,521160064,365,baseline,independent-v2,True,0,0,0,0,kg,76.469,27.6774,0.915,219,42,42,0,107,31,1393,260,362,29,17,32,0,1514,0,447,7.7309,17.1854,2,held-out
64,long-break,521160064,365,refined,independent-v2,True,6,0,0,0,kg,76.469,27.6774,0.915,219,42,42,0,116,40,1375,260,361,0,17,0,0,1514,0,435,7.7309,17.1897,2,held-out
65,long-break,521160065,365,baseline,independent-v2,True,0,0,0,0,lb,62.1465,24.512,0.9016,209,52,46,5,102,48,1310,247,338,21,17,32,0,1443,0,446,5.1353,13.7272,2,held-out
65,long-break,521160065,365,refined,independent-v2,True,8,0,0,0,lb,62.1465,24.512,0.9016,209,52,46,5,108,55,1297,247,335,0,17,0,0,1443,0,438,5.1353,13.7219,2,held-out
66,long-break,521160066,365,baseline,independent-v2,True,0,0,0,0,kg,95.2153,39.9236,0.877,193,68,45,5,238,60,1056,54,305,0,13,31,0,1341,0,185,15.0809,24.8175,2,held-out
66,long-break,521160066,365,refined,independent-v2,True,0,0,0,0,kg,95.2153,39.9236,0.877,193,68,45,5,236,63,1055,53,306,0,13,0,0,1341,0,188,15.0809,24.8127,2,held-out
67,long-break,521160067,365,baseline,independent-v2,True,0,0,0,0,lb,90.8326,22.4614,0.9294,212,49,44,0,120,54,1307,211,387,22,11,34,0,1470,0,397,6.3746,15.6284,2,held-out
67,long-break,521160067,365,refined,independent-v2,True,1,0,0,0,lb,90.8326,22.4614,0.9294,212,49,44,0,121,54,1306,229,388,0,11,0,0,1470,0,402,6.3746,15.6224,2,held-out
68,long-break,521160068,365,baseline,independent-v2,True,0,0,0,0,kg,65.949,26.419,0.9298,206,55,45,4,134,33,1274,199,340,22,9,34,0,1432,0,380,10.442,19.7609,2,held-out
68,long-break,521160068,365,refined,independent-v2,True,4,0,0,0,kg,65.949,26.419,0.9298,206,55,45,4,142,40,1259,199,336,0,9,0,0,1432,0,377,10.442,19.7615,2,held-out
69,long-break,521160069,365,baseline,independent-v2,True,0,0,0,0,lb,64.8073,41.4146,0.8898,205,56,45,0,237,36,1158,91,328,0,11,27,0,1420,0,180,18.9132,29.3955,2,held-out
69,long-break,521160069,365,refined,independent-v2,True,0,0,0,0,lb,64.8073,41.4146,0.8898,205,56,45,0,226,33,1172,98,329,0,11,0,0,1420,0,187,18.9132,29.3903,2,held-out
70,coarse-equipment,521160070,365,baseline,independent-v2,True,0,0,0,0,kg,58.0977,24.2955,0.9114,230,31,47,4,10,2,1594,531,384,32,14,36,0,1592,0,423,1.0094,16.2136,1,held-out
70,coarse-equipment,521160070,365,refined,independent-v2,True,3,0,0,0,kg,58.0977,24.2955,0.9114,230,31,47,4,14,4,1588,553,384,0,14,0,0,1592,0,426,1.0094,16.2145,1,held-out
71,coarse-equipment,521160071,365,baseline,independent-v2,True,0,0,0,0,lb,62.0497,45.1476,0.8887,219,42,49,4,51,4,1477,663,374,36,14,37,0,1518,281,104,5.2303,33.7749,1,held-out
71,coarse-equipment,521160071,365,refined,independent-v2,True,6,0,0,0,lb,62.0497,45.1476,0.8887,219,42,49,4,62,7,1463,663,375,0,14,0,0,1518,269,106,5.2303,33.7816,1,held-out
72,coarse-equipment,521160072,365,baseline,independent-v2,True,0,0,0,0,kg,80.6367,37.7105,0.9679,246,15,50,5,22,4,1697,757,433,0,12,38,0,1711,45,164,1.5535,25.3313,1,held-out
72,coarse-equipment,521160072,365,refined,independent-v2,True,0,0,0,0,kg,80.6367,37.7105,0.9679,246,15,50,5,27,4,1692,739,435,0,12,0,0,1711,45,170,1.5535,25.331,1,held-out
73,coarse-equipment,521160073,365,baseline,independent-v2,True,0,0,0,0,lb,99.4008,36.2088,0.8764,230,31,52,0,20,4,1588,662,413,28,12,42,0,1600,26,174,1.6258,23.7967,1,held-out
73,coarse-equipment,521160073,365,refined,independent-v2,True,1,0,0,0,lb,99.4008,36.2088,0.8764,230,31,52,0,25,4,1583,675,416,0,12,2,0,1600,24,188,1.6258,23.7957,1,held-out
74,coarse-equipment,521160074,365,baseline,independent-v2,True,0,0,0,0,kg,73.934,37.437,0.8949,226,35,51,5,23,9,1554,656,361,31,17,41,0,1569,58,137,1.5979,26.2635,1,held-out
74,coarse-equipment,521160074,365,refined,independent-v2,True,4,0,0,0,kg,73.934,37.437,0.8949,226,35,51,5,34,13,1539,656,361,0,17,1,0,1569,57,144,1.5979,26.2634,1,held-out
75,coarse-equipment,521160075,365,baseline,independent-v2,True,0,0,0,0,lb,96.5015,32.0134,0.8961,223,38,48,4,11,6,1547,614,366,0,9,37,0,1555,2,268,0.7872,18.6585,1,held-out
75,coarse-equipment,521160075,365,refined,independent-v2,True,0,0,0,0,lb,96.5015,32.0134,0.8961,223,38,48,4,20,14,1530,583,365,0,9,0,0,1555,2,267,0.7872,18.6604,1,held-out
76,coarse-equipment,521160076,365,baseline,independent-v2,True,0,0,0,0,kg,70.1286,31.648,0.9165,241,20,51,0,46,9,1632,537,417,33,16,45,0,1671,1,297,3.0814,20.8701,1,held-out
76,coarse-equipment,521160076,365,refined,independent-v2,True,4,0,0,0,kg,70.1286,31.648,0.9165,241,20,51,0,57,16,1614,537,418,0,16,0,0,1671,1,295,3.0814,20.874,1,held-out
77,coarse-equipment,521160077,365,baseline,independent-v2,True,0,0,0,0,lb,55.224,42.9748,0.928,246,15,52,5,26,6,1688,761,384,39,12,39,0,1708,86,200,2.0874,28.1925,1,held-out
77,coarse-equipment,521160077,365,refined,independent-v2,True,2,0,0,0,lb,55.224,42.9748,0.928,246,15,52,0,34,8,1678,783,390,0,14,1,0,1706,89,206,2.0874,28.2939,1,held-out
78,coarse-equipment,521160078,365,baseline,independent-v2,True,0,0,0,0,kg,83.3945,27.2968,0.8915,232,29,51,0,13,2,1612,557,400,0,14,39,0,1613,0,430,1.3218,16.5849,1,held-out
78,coarse-equipment,521160078,365,refined,independent-v2,True,0,0,0,0,kg,83.3945,27.2968,0.8915,232,29,51,0,14,2,1611,559,402,0,14,0,0,1613,0,437,1.3218,16.5874,1,held-out
79,coarse-equipment,521160079,365,baseline,independent-v2,True,0,0,0,0,lb,88.884,45.8994,0.9115,238,23,50,5,59,4,1601,759,396,40,11,38,0,1653,202,156,6.5365,35.5948,1,held-out
79,coarse-equipment,521160079,365,refined,independent-v2,True,6,0,0,0,lb,88.884,45.8994,0.9115,238,23,50,0,71,6,1587,771,417,0,11,0,0,1653,191,163,6.5365,35.6884,1,held-out
80,noisy-RIR,521160080,365,baseline,independent-v2,True,0,0,0,0,kg,58.8707,23.4831,0.8898,235,26,50,5,159,97,1388,0,652,15,16,37,0,1628,0,214,4.5477,15.2405,1,held-out
80,noisy-RIR,521160080,365,refined,independent-v2,True,3,0,0,0,kg,58.8707,23.4831,0.8898,235,26,50,5,162,98,1384,8,653,0,16,0,0,1628,0,216,4.5477,15.2409,1,held-out
81,noisy-RIR,521160081,365,baseline,independent-v2,True,0,0,0,0,lb,99.9262,30.3299,0.9468,243,18,50,5,212,70,1418,63,637,0,18,36,0,1682,0,240,11.464,22.5646,1,held-out
81,noisy-RIR,521160081,365,refined,independent-v2,True,0,0,0,0,lb,99.9262,30.3299,0.9468,243,18,50,5,210,72,1418,63,638,0,18,0,0,1682,0,240,11.464,22.5694,1,held-out
82,noisy-RIR,521160082,365,baseline,independent-v2,True,0,0,0,0,kg,97.9826,44.7309,0.8939,225,36,50,0,316,50,1215,30,623,30,19,37,0,1562,8,131,22.7866,34.6679,1,held-out
82,noisy-RIR,521160082,365,refined,independent-v2,True,2,0,0,0,kg,97.9826,44.7309,0.8939,225,36,50,0,327,51,1203,32,625,0,19,0,0,1562,0,137,22.7866,34.6647,1,held-out
83,noisy-RIR,521160083,365,baseline,independent-v2,True,0,0,0,0,lb,90.8416,41.0637,0.8778,231,30,51,4,283,69,1267,0,644,32,13,33,0,1606,11,150,17.8328,30.4535,1,held-out
83,noisy-RIR,521160083,365,refined,independent-v2,True,2,0,0,0,lb,90.8416,41.0637,0.8778,231,30,51,4,291,69,1259,10,645,0,13,0,0,1606,1,159,17.8328,30.4513,1,held-out
84,noisy-RIR,521160084,365,baseline,independent-v2,True,0,0,0,0,kg,64.8697,35.0223,0.9284,239,22,50,3,175,35,1465,90,644,0,11,34,0,1664,0,246,13.1245,24.4802,1,held-out
84,noisy-RIR,521160084,365,refined,independent-v2,True,0,0,0,0,kg,64.8697,35.0223,0.9284,239,22,50,3,167,30,1478,104,645,0,11,0,0,1664,0,261,13.1245,24.4851,1,held-out
85,noisy-RIR,521160085,365,baseline,independent-v2,True,0,0,0,0,lb,88.392,34.6819,0.9596,240,21,51,5,251,72,1362,0,696,34,14,37,0,1671,6,147,14.157,26.7422,1,held-out
85,noisy-RIR,521160085,365,refined,independent-v2,True,4,0,0,0,lb,88.392,34.6819,0.9596,240,21,51,5,260,73,1352,9,700,0,14,0,0,1671,0,161,14.157,26.7328,1,held-out
86,noisy-RIR,521160086,365,baseline,independent-v2,True,0,0,0,0,kg,85.6157,26.2323,0.8977,229,32,50,4,211,87,1310,23,617,21,12,36,0,1596,0,222,9.9106,19.7071,1,held-out
86,noisy-RIR,521160086,365,refined,independent-v2,True,4,0,0,0,kg,85.6157,26.2323,0.8977,229,32,50,4,216,91,1301,23,619,0,12,0,0,1596,0,220,9.9106,19.7079,1,held-out
87,noisy-RIR,521160087,365,baseline,independent-v2,True,0,0,0,0,lb,75.2093,41.1947,0.9033,230,31,51,0,211,44,1349,205,625,0,15,32,0,1589,123,111,14.9856,32.2164,1,held-out
87,noisy-RIR,521160087,365,refined,independent-v2,True,0,0,0,0,lb,75.2093,41.1947,0.9033,230,31,51,0,200,40,1364,214,628,0,15,0,0,1589,123,119,14.9856,32.2208,1,held-out
88,noisy-RIR,521160088,365,baseline,independent-v2,True,0,0,0,0,kg,57.8937,44.9394,0.9183,236,25,46,0,283,28,1340,33,639,46,9,32,0,1642,22,108,23.7819,37.386,1,held-out
88,noisy-RIR,521160088,365,refined,independent-v2,True,6,0,0,0,kg,57.8937,44.9394,0.9183,236,25,46,0,298,31,1322,33,641,0,9,0,0,1642,0,111,23.7819,37.387,1,held-out
89,noisy-RIR,521160089,365,baseline,independent-v2,True,0,0,0,0,lb,57.0342,29.6476,0.9282,242,19,50,5,239,78,1376,20,667,25,13,41,0,1680,0,175,12.1031,23.5935,1,held-out
89,noisy-RIR,521160089,365,refined,independent-v2,True,1,0,0,0,lb,57.0342,29.6476,0.9282,242,19,50,5,245,79,1369,25,667,0,13,0,0,1680,0,180,12.1031,23.597,1,held-out
90,conservative-effort,521160090,365,baseline,independent-v2,True,0,0,0,0,kg,94.6966,37.7924,0.8887,234,27,52,0,0,3,1637,0,1624,0,11,40,0,1629,0,1125,-0.2338,14.8834,1,held-out
90,conservative-effort,521160090,365,refined,independent-v2,True,0,0,0,0,kg,94.6966,37.7924,0.8887,234,27,52,0,0,3,1637,0,1624,0,11,1,0,1629,0,1125,-0.2338,14.8834,1,held-out
91,conservative-effort,521160091,365,baseline,independent-v2,True,0,0,0,0,lb,98.4106,26.741,0.9417,243,18,49,4,0,3,1698,1,1653,1,13,40,0,1688,0,1245,-0.2413,13.4659,1,held-out
91,conservative-effort,521160091,365,refined,independent-v2,True,0,0,0,0,lb,98.4106,26.741,0.9417,243,18,49,0,0,2,1699,2,1682,0,14,0,0,1687,0,1260,-0.1585,13.537,1,held-out
92,conservative-effort,521160092,365,baseline,independent-v2,True,0,0,0,0,kg,75.6397,45.0516,0.9558,248,13,52,5,2,2,1736,0,1682,1,15,42,0,1725,0,797,0.0544,21.2547,1,held-out
92,conservative-effort,521160092,365,refined,independent-v2,True,1,0,0,0,kg,75.6397,45.0516,0.9558,248,13,52,5,2,3,1735,0,1682,0,15,1,0,1725,0,792,0.0544,21.2517,1,held-out
93,conservative-effort,521160093,365,baseline,independent-v2,True,0,0,0,0,lb,83.252,22.4754,0.905,238,23,52,4,0,12,1655,0,1606,0,23,41,0,1644,0,1541,-0.7662,7.6652,1,held-out
93,conservative-effort,521160093,365,refined,independent-v2,True,0,0,0,0,lb,83.252,22.4754,0.905,238,23,52,4,0,10,1657,3,1605,0,23,0,0,1644,0,1545,-0.7662,7.6806,1,held-out
94,conservative-effort,521160094,365,baseline,independent-v2,True,0,0,0,0,kg,80.0317,40.4865,0.916,240,21,47,5,0,3,1681,2,1628,3,13,41,0,1671,0,1229,-0.2205,14.0103,1,held-out
94,conservative-effort,521160094,365,refined,independent-v2,True,2,0,0,0,kg,80.0317,40.4865,0.916,240,21,47,5,0,6,1678,2,1628,0,13,0,0,1671,0,1208,-0.2205,13.9868,1,held-out
95,conservative-effort,521160095,365,baseline,independent-v2,True,0,0,0,0,lb,79.2449,22.4237,0.9299,244,17,50,5,0,2,1707,4,1650,1,16,39,0,1693,0,1392,-0.1438,12.2574,1,held-out
95,conservative-effort,521160095,365,refined,independent-v2,True,1,0,0,0,lb,79.2449,22.4237,0.9299,244,17,50,5,0,3,1706,4,1650,0,16,0,0,1693,0,1383,-0.1438,12.2479,1,held-out
96,conservative-effort,521160096,365,baseline,independent-v2,True,0,0,0,0,kg,78.1046,24.3494,0.9426,242,19,52,4,0,3,1691,7,1637,0,18,42,0,1676,0,1422,-0.2321,11.0819,1,held-out
96,conservative-effort,521160096,365,refined,independent-v2,True,0,0,0,0,kg,78.1046,24.3494,0.9426,242,19,52,4,0,3,1691,7,1637,0,18,0,0,1676,0,1422,-0.2321,11.0819,1,held-out
97,conservative-effort,521160097,365,baseline,independent-v2,True,0,0,0,0,lb,89.2926,26.1485,0.8701,228,33,50,0,0,5,1590,0,1569,1,19,39,0,1576,0,1354,-0.3935,10.6646,1,held-out
97,conservative-effort,521160097,365,refined,independent-v2,True,0,0,0,0,lb,89.2926,26.1485,0.8701,228,33,50,0,0,5,1590,1,1569,0,19,0,0,1576,0,1354,-0.3935,10.6646,1,held-out
98,conservative-effort,521160098,365,baseline,independent-v2,True,0,0,0,0,kg,95.053,22.9479,0.9327,236,25,52,5,0,3,1648,3,1601,1,6,44,0,1645,0,1576,-0.2179,7.7221,1,held-out
98,conservative-effort,521160098,365,refined,independent-v2,True,0,0,0,0,kg,95.053,22.9479,0.9327,236,25,52,5,0,3,1648,4,1601,0,6,0,0,1645,0,1576,-0.2179,7.7221,1,held-out
99,conservative-effort,521160099,365,baseline,independent-v2,True,0,0,0,0,lb,56.3109,33.9236,0.8724,224,37,50,4,1,5,1562,3,1506,0,22,43,0,1546,0,1029,-0.2361,14.5213,1,held-out
99,conservative-effort,521160099,365,refined,independent-v2,True,0,0,0,0,lb,56.3109,33.9236,0.8724,224,37,50,4,1,4,1563,4,1506,0,22,1,0,1546,0,1038,-0.2361,14.5246,1,held-out
100,pain-episodes,521160100,365,baseline,independent-v2,True,0,0,0,0,kg,83.2117,40.5637,0.9505,249,12,50,19,238,54,1454,70,400,38,38,36,0,1708,10,220,16.9765,29.7045,1,held-out
100,pain-episodes,521160100,365,refined,independent-v2,True,8,1,1,0,kg,83.2117,40.5637,0.9505,249,12,50,14,265,58,1423,68,410,0,37,0,0,1709,0,207,18.4104,29.1804,1,held-out
101,pain-episodes,521160101,365,baseline,independent-v2,True,0,0,0,0,lb,91.6969,22.4302,0.9058,235,26,49,13,114,43,1486,203,381,28,34,40,0,1609,0,400,7.3025,17.059,1,held-out
101,pain-episodes,521160101,365,refined,independent-v2,True,1,1,0,0,lb,91.6969,22.4302,0.9058,235,26,49,9,139,44,1460,217,402,0,34,0,0,1609,0,394,9.4427,16.4604,1,held-out
102,pain-episodes,521160102,365,baseline,independent-v2,True,0,0,0,0,kg,74.9286,44.8425,0.9423,243,18,50,15,338,57,1311,48,391,0,35,31,0,1671,0,180,23.6539,35.0767,1,held-out
102,pain-episodes,521160102,365,refined,independent-v2,True,0,0,0,0,kg,74.9286,44.8425,0.9423,243,18,50,10,325,53,1328,62,400,0,35,0,0,1671,0,191,23.7477,35.1933,1,held-out
103,pain-episodes,521160103,365,baseline,independent-v2,True,0,0,0,0,lb,58.9692,37.5202,0.8704,220,41,48,17,253,81,1206,0,354,22,37,31,0,1503,0,126,13.8652,25.9409,1,held-out
103,pain-episodes,521160103,365,refined,independent-v2,True,3,0,0,0,lb,58.9692,37.5202,0.8704,220,41,48,13,261,85,1194,2,356,0,37,0,0,1503,0,135,13.8053,26.0186,1,held-out
104,pain-episodes,521160104,365,baseline,independent-v2,True,0,0,0,0,kg,84.6024,44.7041,0.9291,244,17,50,25,318,105,1284,0,359,34,37,29,0,1670,1,163,16.4715,29.7637,1,held-out
104,pain-episodes,521160104,365,refined,independent-v2,True,6,1,0,0,kg,84.6024,44.7041,0.9291,244,17,50,10,370,124,1213,12,357,0,39,0,0,1668,0,176,18.4751,28.8459,1,held-out
105,pain-episodes,521160105,365,baseline,independent-v2,True,0,0,0,0,lb,79.0633,45.1144,0.9327,241,20,51,18,335,56,1294,1,405,0,37,26,0,1648,0,129,22.068,34.7359,1,held-out
105,pain-episodes,521160105,365,refined,independent-v2,True,0,1,0,0,lb,79.0633,45.1144,0.9327,241,20,51,9,346,55,1284,7,401,0,37,0,0,1648,0,134,23.8598,33.6671,1,held-out
106,pain-episodes,521160106,365,baseline,independent-v2,True,0,0,0,0,kg,96.9912,33.6892,0.9628,249,12,49,16,179,37,1531,132,401,35,31,35,0,1716,1,271,14.1871,26.5258,1,held-out
106,pain-episodes,521160106,365,refined,independent-v2,True,2,1,0,0,kg,96.9912,33.6892,0.9628,249,12,49,6,194,36,1517,134,398,0,32,0,0,1715,0,254,15.1845,25.7387,1,held-out
107,pain-episodes,521160107,365,baseline,independent-v2,True,0,0,0,0,lb,64.1337,24.3292,0.9871,257,4,51,20,241,115,1441,26,424,36,36,38,0,1761,0,238,9.5698,19.8201,1,held-out
107,pain-episodes,521160107,365,refined,independent-v2,True,6,1,0,0,lb,64.1337,24.3292,0.9871,257,4,51,10,268,123,1406,34,411,0,38,0,0,1759,0,230,10.9115,19.2359,1,held-out
108,pain-episodes,521160108,365,baseline,independent-v2,True,0,0,0,0,kg,76.3541,41.2654,0.9772,253,8,49,24,293,110,1367,7,386,0,41,29,0,1729,0,191,14.3844,27.2679,1,held-out
108,pain-episodes,521160108,365,refined,independent-v2,True,0,1,1,0,kg,76.3541,41.2654,0.9772,253,8,49,14,299,104,1367,13,407,0,45,0,0,1725,0,184,16.0356,26.8625,1,held-out
109,pain-episodes,521160109,365,baseline,independent-v2,True,0,0,0,0,lb,83.0055,36.8387,0.9791,254,7,51,18,232,91,1455,51,398,33,31,35,0,1747,0,239,12.4972,22.8726,1,held-out
109,pain-episodes,521160109,365,refined,independent-v2,True,6,1,0,0,lb,83.0055,36.8387,0.9791,254,7,51,18,256,94,1428,46,408,0,32,0,0,1746,0,219,14.3313,22.3141,1,held-out
110,custom-three-day,521160110,365,baseline,independent-v2,True,0,0,0,0,kg,94.7558,32.1789,0.8894,146,11,49,0,157,55,764,19,229,34,6,25,1,970,0,104,15.4883,22.3887,1,held-out
110,custom-three-day,521160110,365,refined,independent-v2,True,1,0,0,0,kg,94.7558,32.1789,0.8894,146,11,49,0,162,55,759,31,225,0,6,0,0,970,0,118,15.4883,22.3918,1,held-out
111,custom-three-day,521160111,365,baseline,independent-v2,True,0,0,0,0,lb,66.8959,30.5016,0.9406,150,7,50,3,92,13,896,318,211,0,11,33,1,990,156,28,10.0132,26.449,1,held-out
111,custom-three-day,521160111,365,refined,independent-v2,True,0,0,0,0,lb,66.8959,30.5016,0.9406,150,7,50,3,85,12,904,327,211,0,12,0,0,989,156,37,10.0132,26.4532,1,held-out
112,custom-three-day,521160112,365,baseline,independent-v2,True,0,0,0,0,kg,91.0028,37.7441,0.9851,154,3,48,3,171,26,829,18,283,34,8,31,1,1018,24,73,23.8441,31.5316,1,held-out
112,custom-three-day,521160112,365,refined,independent-v2,True,1,0,0,0,kg,91.0028,37.7441,0.9851,154,3,48,3,180,27,819,28,283,0,8,0,0,1018,0,89,23.8441,31.5375,1,held-out
113,custom-three-day,521160113,365,baseline,independent-v2,True,0,0,0,0,lb,75.6398,38.7827,0.9894,155,2,49,3,141,21,871,57,252,31,12,31,1,1021,12,127,20.8676,27.3474,1,held-out
113,custom-three-day,521160113,365,refined,independent-v2,True,3,0,0,0,lb,75.6398,38.7827,0.9894,155,2,49,0,157,27,849,57,248,0,12,1,0,1021,0,132,21.0446,27.4706,1,held-out
114,custom-three-day,521160114,365,baseline,independent-v2,True,0,0,0,0,kg,85.1321,45.3,0.872,131,26,50,2,221,32,624,0,192,0,7,22,1,870,0,47,24.5169,32.8222,1,held-out
114,custom-three-day,521160114,365,refined,independent-v2,True,0,0,0,0,kg,85.1321,45.3,0.872,131,26,50,2,210,36,631,3,192,0,7,0,0,870,0,54,24.5169,32.8239,1,held-out
115,custom-three-day,521160115,365,baseline,independent-v2,True,0,0,0,0,lb,69.3278,32.6111,0.9068,136,21,49,2,122,25,757,37,221,33,1,24,0,903,3,102,15.9756,21.885,1,held-out
115,custom-three-day,521160115,365,refined,independent-v2,True,3,0,0,0,lb,69.3278,32.6111,0.9068,136,21,49,2,134,30,740,37,221,0,1,0,0,903,0,106,15.9756,21.8842,1,held-out
116,custom-three-day,521160116,365,baseline,independent-v2,True,0,0,0,0,kg,59.3763,26.7406,0.9187,139,18,51,0,97,22,806,66,207,24,6,22,1,919,0,131,12.6896,18.1229,1,held-out
116,custom-three-day,521160116,365,refined,independent-v2,True,5,0,0,0,kg,59.3763,26.7406,0.9187,139,18,51,0,106,28,791,68,207,0,6,0,0,919,0,137,12.6896,18.1224,1,held-out
117,custom-three-day,521160117,365,baseline,independent-v2,True,0,0,0,0,lb,64.2777,37.0409,0.9742,153,4,50,3,133,21,866,65,248,0,3,32,1,1017,0,143,17.6681,23.4918,1,held-out
117,custom-three-day,521160117,365,refined,independent-v2,True,0,0,0,0,lb,64.2777,37.0409,0.9742,153,4,50,3,122,19,879,97,249,0,3,0,0,1017,4,138,17.6681,23.4969,1,held-out
118,custom-three-day,521160118,365,baseline,independent-v2,True,0,0,0,0,kg,89.4586,42.4419,0.9252,148,9,49,0,190,30,765,18,227,35,6,25,0,979,25,73,27.6567,35.6325,1,held-out
118,custom-three-day,521160118,365,refined,independent-v2,True,1,0,0,0,kg,89.4586,42.4419,0.9252,148,9,49,0,197,30,758,28,227,0,6,0,0,979,0,85,27.6567,35.6373,1,held-out
119,custom-three-day,521160119,365,baseline,independent-v2,True,0,0,0,0,lb,78.2083,40.5053,0.9369,150,7,50,0,150,27,824,9,251,27,7,28,1,994,17,64,19.655,28.1569,1,held-out
119,custom-three-day,521160119,365,refined,independent-v2,True,1,0,0,0,lb,78.2083,40.5053,0.9369,150,7,50,0,160,28,813,13,247,0,7,0,0,994,0,71,19.655,28.1534,1,held-out
