person,cohort,seed,days,unit,bodyMass,gainCeilingPct,adherence,trained,missed,checks,pivots,increases,decreases,holds,roundingHolds,effortHolds,bodyweightHolds,partialAnchors,measuredFlags,falsePerformanceFlags,anchorCount,overCap,underFloor,loadChangePct,latentCapacityGainPct,cycles,accountId,backupSha256,backupBytes,csvBytes
0,novice,520260000,365,kg,92.1445,65.112,0.9813,251,10,49,0,407,26,1323,118,425,0,7,31,0,1749,0,211,40.8688,54.5278,1,7422d907-a789-48a9-99cc-ed9013144e29,e71674c8f6ffb4f638304ceb5ebc3a128ee3bba15f3ddb554665feb0fb1b7354,2720236,9645289
1,novice,520260001,365,lb,93.8449,54.4796,0.9751,250,11,48,5,365,57,1326,38,423,53,11,29,0,1737,30,139,27.5027,41.6552,1,55f9f563-3424-4d57-83b4-9a44a673051e,27e97d4128c222e23c0ca52acffdd680762924f579913eff8d601a61e84e5961,2736814,9893684
2,novice,520260002,365,kg,98.4247,83.8337,0.9793,257,4,51,5,611,34,1154,1,415,73,16,28,0,1783,107,65,57.8876,75.2388,1,d25ec549-a2cf-48fd-a14e-ce621252e2c0,1f1e3cd025438ba5b021046d0faed423aa6173cd2c05b36db0b1685f72c507b8,2779816,9880534
3,novice,520260003,365,lb,55.2705,69.5577,0.9247,238,23,51,4,507,44,1116,17,379,0,13,29,0,1654,1,97,46.0797,61.6167,1,6c08d4bd-3277-423e-8159-b4b267a38e92,0b2b12d1e139b20b5d7229b5c87b1478dcf556628e6c8cd21ff61da68204814b,2616596,9468707
4,novice,520260004,365,kg,72.5495,78.8691,0.9623,250,11,50,5,483,25,1244,10,441,63,12,29,0,1740,64,64,42.0558,59.396,1,e5e1f892-fd4b-489f-8aff-06122cea34cb,64a4e05a89968424ace335a0dae47d048b845cc669cfbe9cbe6e7765e783c923,2705018,9582393
5,novice,520260005,365,lb,99.135,63.5628,0.9057,239,22,49,5,488,38,1146,19,398,57,7,27,0,1665,46,96,39.4312,53.8272,1,2e264ebf-293f-49c9-976f-5b9e177b5158,aa8901d268da7f8dbac8c711ce0538629c06a3f82540f33bfa6de72194aa7762,2625236,9504481
6,novice,520260006,365,kg,58.9675,63.4836,0.91,224,37,48,0,533,31,995,20,380,0,8,28,0,1551,1,87,41.4648,54.9869,1,0fb94e41-87b3-43b1-a112-84f876060880,ae566d2ad5c166a59830f21618ecb3012461df3dbda28d16484e94c626b64244,2418552,8592806
7,novice,520260007,365,lb,90.7722,58.5466,0.9587,252,9,51,5,461,56,1245,12,424,52,20,32,0,1742,43,89,37.0105,50.7361,1,6c949110-37a1-4f90-9bb0-5bb3b16ce97d,2d3051567f458e69cde7dc3fbe25ad522156d006bdecd43ab4a752d506f5a714,2761540,9987538
8,novice,520260008,365,kg,75.4808,59.7534,0.9738,255,6,50,5,336,18,1431,87,421,53,17,33,0,1768,41,179,37.7776,51.1167,1,44c2209b-fdad-45c4-9508-676e6b01a5f9,26e89cd457976e31b94ea44caef4abb8387127868fdeade589ec0f4e2a487f2b,2753739,9727798
9,novice,520260009,365,lb,63.9968,65.7132,0.8933,231,30,49,5,488,52,1078,5,377,0,9,25,0,1609,1,76,35.1031,50.5713,1,3dae078c-0de0-400f-a761-73afcc440064,7d028d2baaf27ee2403299ec70a6872a806e47b405809f0297239464c42b22f0,2540578,9191245
10,intermediate,520260010,365,kg,89.7326,31.9267,0.9435,241,20,48,5,270,98,1322,0,385,42,15,33,0,1675,4,153,13.8499,26.226,1,c3f18c1f-a755-4081-9f21-2f39e32fc963,46f0b7e55655f6a73b2cece1a2f5c8024b335bd80745068495e4ed86b773890a,2606004,9207471
11,intermediate,520260011,365,lb,99.6316,33.4905,0.9263,237,24,50,5,237,133,1288,0,403,26,12,37,0,1646,0,218,8.1318,19.9725,1,59d3a461-d27b-443d-a418-ea2c5b4fec55,f3ddf11ac5914bf65f4dbcf7b85a7b0acebf58b67ff818372bcc4b5a5bd0fbe9,2601273,9371607
12,intermediate,520260012,365,kg,75.7352,38.7379,0.9512,242,19,52,0,187,49,1460,182,429,0,13,40,0,1683,0,341,12.9271,23.6907,1,795fba4b-3971-4586-8139-32a5318245cd,d1f147643463e5fbd093d20612d26c5e7f1a54b67b6483d522c813e9da1d52c7,2630822,9296186
13,intermediate,520260013,365,lb,95.9975,34.8021,0.9083,244,17,50,5,254,75,1380,63,422,28,17,35,0,1692,0,235,15.8355,26.8272,1,3becc164-6578-4a4f-b542-846ae26315b4,1cff6c4b7c6e5f4efdd5e11e6432709956bac30651b25e84bc2076f904815903,2682376,9681666
14,intermediate,520260014,365,kg,74.3682,27.9344,0.9373,245,16,50,5,221,91,1399,36,433,30,11,29,0,1700,0,216,10.5571,20.9636,1,5a6cdc20-2071-41a4-8ba1-63c256d9736d,067049c2711ef13c17231b99e0fcee7d39a1d0c42adfdc00e6eb9e5462e9069f,2640854,9336578
15,intermediate,520260015,365,lb,65.7785,27.6929,0.9463,243,18,52,5,241,95,1364,58,431,0,13,37,0,1687,0,260,13.3134,22.4396,1,21a71dcf-2734-4bb3-b6f1-1eddcf97995b,a5f732028a321f66e86e8962369252e2b0e72b595174bd9ed62d5e43a4a68c97,2668100,9630975
16,intermediate,520260016,365,kg,62.9724,41.6047,0.9436,249,12,50,5,247,41,1458,74,438,38,12,30,0,1734,3,194,20.7994,32.7048,1,e36b07c0-4f2f-45e1-b256-2d189d026eeb,51c6c49c55bd0f21890a86366a8e23594a3199d205d48a41809de85ce2ed58ce,2699036,9562695
17,intermediate,520260017,365,lb,84.2539,26.7713,0.9699,251,10,51,5,237,174,1345,0,412,27,16,43,0,1740,0,290,4.6711,15.7951,1,bcce7387-1c3a-457a-af70-4f5c31a815dd,1acbd14322e352bfceb5e16b0aca26103a5493411a21b45f237be0baf9e189cb,2751738,9915811
18,intermediate,520260018,365,kg,84.7146,23.9943,0.9796,252,9,51,5,173,125,1467,60,455,0,16,42,0,1749,0,304,3.9211,14.9221,1,f6b31313-bdb9-4399-8a33-54265d6a3058,bc0245fd625135be452c612ed7a7ba0f132a8eb600a077cbe1d2a68a11df47e4,2728912,9621304
19,intermediate,520260019,365,lb,59.8886,44.8438,0.9155,245,16,51,5,234,54,1425,100,434,32,11,37,0,1702,7,239,16.6783,28.957,1,d2ba14dd-09ee-44d6-be99-ae0572106113,c43726cedf6f7b41c549ca7aaaee228dabf5eff4e5d510b6ff20fd5915a62133,2691055,9712358
20,experienced,520260020,365,kg,84.1307,13.3597,0.9565,246,15,51,4,72,61,1591,347,424,29,11,39,0,1713,0,655,0.9288,9.48,1,f7c24bce-a2ac-49da-8971-a9e683828925,246b705588959a43d57b4d9fd118b84f261a29fca6d36debd8547e6b6b1ae60b,2677351,9482849
21,experienced,520260021,365,lb,71.8512,19.9503,0.9877,252,9,50,0,152,128,1483,79,429,0,18,39,0,1745,0,314,2.0822,12.2902,1,65736f58-3c2b-4a88-859e-7c75efb7bf7d,de63f525e1481c4f4d231e59f295cb7c100607ed4343d2f3b5ca223074630cfb,2771281,10001635
22,experienced,520260022,365,kg,86.8099,18.1605,0.9727,249,12,52,5,202,157,1382,20,398,22,7,39,0,1734,0,271,3.1842,12.6848,1,f042ea85-4c02-42dd-935a-a0a51d675d11,4bc213be2b2627f2d9104a8aeca9be8083b11bd56d22d0b9c39f1f8e73283289,2691200,9506512
23,experienced,520260023,365,lb,70.8033,20.9348,0.9805,256,5,50,5,108,58,1627,285,401,30,15,41,0,1778,0,521,4.8903,14.2881,1,ab26da91-4824-4552-a87c-a098be468753,def9d5608220cbecc22ce19859d419e96c2f5ce15e602bbbdbecd27c73ab03f2,2826750,10236537
24,experienced,520260024,365,kg,68.7723,21.2167,0.873,228,33,50,4,233,155,1203,0,363,0,9,35,0,1582,0,233,5.9153,16.5097,1,44b0db5e-1bf4-4682-a2ad-f01d52b7d6c0,61279d7b858f3cb0dab0c64f7a10792bd888ff08d1ceb65aed5926641890705e,2465238,8710433
25,experienced,520260025,365,lb,80.1814,16.8324,0.9658,247,14,49,5,181,143,1408,0,434,27,15,37,0,1717,0,254,2.8243,12.6028,1,31467ce5-bc22-4135-b67a-38c0a7deda77,a9b6c3f96d6fcb72e270b890edcd1ef1601cd5b15031fff6231cf3da5096ff54,2710655,9758408
26,experienced,520260026,365,kg,83.2849,13.285,0.9661,253,8,51,5,184,180,1405,10,405,22,16,38,0,1753,0,305,0.2832,10.0864,1,6bad5006-d6e9-4f66-ae49-f559427a0ed8,b6bb15c225d23e8c27574f094186d43c9624ea6fba0cffb2dc7f0f93efd76fc6,2736928,9679617
27,experienced,520260027,365,lb,87.1973,14.4166,0.9533,242,19,50,4,90,73,1534,378,418,0,18,38,0,1679,0,652,1.782,10.4644,1,ddaa2127-d3e1-4178-b1d5-9e2281c1e255,f2176522c98a9e3dadad219582a241c297aafb2e2ae9f58f0ad17909f369ee33,2688212,9763157
28,experienced,520260028,365,kg,69.9862,12.9352,0.9695,251,10,49,0,109,128,1520,158,416,48,14,39,0,1743,0,473,-1.601,8.3758,1,20044050-3958-4408-8696-fc1b80b3eb1a,3a783462691f9968b13bd6338c6f835bc24647a0249033633dae013d92181457,2722545,9632636
29,experienced,520260029,365,lb,69.7286,10.5021,0.8734,230,31,50,5,136,153,1322,15,383,36,11,33,0,1600,0,313,-1.4241,8.2627,1,ae1a1929-5a80-43bb-91ad-52337d1e16a6,6d80d052d1ce3b6e7ea26b70fe492d562fbccebe89b7b368fefc372471a1aaad,2528551,9094237
30,slow-response,520260030,365,kg,56.0668,5.5047,0.9288,238,23,50,4,84,153,1426,104,367,0,7,41,0,1656,0,373,-5.1101,3.7187,1,90073c84-678a-4aed-a8c0-fbb530fc037c,392c129d3c40098f4dcc3848392a6711c3627faf95915bcd9078a44078a03d0f,2575395,9074576
31,slow-response,520260031,365,lb,89.2819,4.8014,0.9203,235,26,50,5,53,74,1518,562,384,54,22,39,0,1623,0,980,-1.3601,3.6359,1,c3937868-bd56-4215-92e7-32d263473a01,a01e11baee5dec640c8565d66ae201c1286198a94fe4854779ef3b6d1d72cf69,2613219,9532627
32,slow-response,520260032,365,kg,84.0941,3.9798,0.9003,230,31,48,0,51,76,1484,614,379,51,8,41,0,1603,0,991,-1.6506,2.8696,1,5d675491-124e-41f0-ae2a-48164a85bc12,5bfc47f09ee6df39d37313314a8d5933956bcd3ea86d00f40e05851c436aad31,2515573,8940489
33,slow-response,520260033,365,lb,95.7003,5.8058,0.9663,248,13,50,5,158,244,1332,0,417,0,12,41,0,1722,0,368,-5.0434,4.2338,1,74d2c26f-6d9c-4589-90f7-4c7ece187959,45ffc3fb31ae08d0d09da9bb6324cefb8f6d69b620652ac2a0d605da0efb3e08,2722069,9794868
34,slow-response,520260034,365,kg,78.5792,5.9854,0.9607,251,10,50,0,59,75,1624,554,464,58,11,40,0,1747,0,991,-0.9899,4.8028,1,c14c3ff2-2e9c-40d6-9d93-0b3e188066c6,9030d456c02fc5f022e2352993701ea4eb8767e58e9e54d743ebcaa47fbca286,2742498,9748292
35,slow-response,520260035,365,lb,77.1845,4.326,0.9196,242,19,50,5,117,212,1367,0,393,64,21,45,0,1675,0,411,-6.5271,2.2358,1,fd5bad95-36fa-46ee-9cc4-5553ea373319,30886d57a88f9c6fef78c215f583198bc54aac3337e0f568fca7f99db0d05730,2663910,9574270
36,slow-response,520260036,365,kg,89.2403,3.6409,0.9133,230,31,49,0,142,240,1232,0,413,0,9,39,0,1605,0,336,-6.3125,1.7983,1,c7ef893a-2f93-42ea-b363-96f234cb995a,e2fead0527c53f947a26b30b050e073e3f414913ec5b51eec39a34d652c70e19,2509794,8851684
37,slow-response,520260037,365,lb,66.8486,6.6631,0.9776,255,6,50,5,155,206,1425,0,424,64,12,35,0,1774,0,403,-3.9566,4.6687,1,4c7d9367-910b-4621-861c-2ac3b46c56ce,8edfb790a85e3367e2ba4d046cfcd200c899359de5b0f73674be6ed168d8bbca,2799484,10076293
38,slow-response,520260038,365,kg,96.2214,6.5858,0.8922,235,26,48,4,57,72,1518,477,409,42,12,37,0,1635,0,859,-0.925,4.9536,1,2a0b3421-5f0a-4c62-b8cd-39ff6f48b310,7be9a7f87046b0024031cd7c491bbc409d652e1b5173ba4dd145a0915514699c,2563881,9105192
39,slow-response,520260039,365,lb,65.8741,5.5821,0.878,228,33,47,5,119,192,1280,0,392,0,15,34,0,1576,0,315,-5.2375,3.9448,1,4c4c97bb-0267-49a2-9166-b7486ea469c0,838d19c081b8f8b9e569107910cff83f69fcd5d8137d2a59b0d5ae83c6477a87,2496313,8980391
40,poor-sleep,520260040,365,kg,75.1193,23.1695,0.9752,254,7,50,123,52,70,1656,274,229,20,16,19,0,1762,0,1216,-1.1913,9.4247,1,8dcaaaac-8f21-4c3e-99a4-b33b06c6e84f,ade76bf1ed397ba4bc2d8128fce1a373d909f8661ab21fd1fe932f5d5c88fe79,2561424,8881300
41,poor-sleep,520260041,365,lb,59.1079,24.4536,0.8804,229,32,50,110,82,68,1458,212,197,26,10,17,0,1598,0,1038,1.8994,11.8378,1,2207c44c-aec7-4f1a-82d7-d7172e80b760,210368c505286a00a6a5ca41adce095c0a1b6547cb27aa9bf7971f5a36550759,2366877,8395756
42,poor-sleep,520260042,365,kg,64.0843,45.776,0.9673,254,7,51,127,204,146,1430,0,218,0,19,14,0,1761,0,664,4.3076,17.534,1,84ed22aa-9039-4f9d-a859-997f1bcdf44a,6eca1e3013a4b0a4f67f23b102c8b71a4bb6581559871b7a5bc610634b4c5a51,2543511,8793434
43,poor-sleep,520260043,365,lb,68.0495,34.014,0.9693,244,17,48,108,196,131,1379,33,221,22,19,14,0,1687,0,592,6.363,20.381,1,52280e4c-3894-4aef-ac2f-1becfcfe9c53,369e811d8f8885f2e3f8a0ad897c1488193257abb0aafe397c03cf246f228bc1,2503427,8857636
44,poor-sleep,520260044,365,kg,86.2834,29.8874,0.9461,245,16,49,113,75,63,1580,231,230,19,18,18,0,1700,0,1018,1.5531,13.5645,1,f704489a-2f81-4f96-8c74-29a8dff20670,5a07005cacb7b72df7baa6a992165271dc708735af24a6feebbde7a95026c6fa,2478494,8578223
45,poor-sleep,520260045,365,lb,90.767,23.0223,0.959,246,15,47,101,193,176,1354,7,252,0,15,16,0,1708,0,649,1.6418,14.6038,1,bfb6e619-5982-4e20-b94b-c1130532b063,d496a35966596f4426c4cc4bf3747c12a2c3cddd2d72aa9f082b5b1461bf54b6,2540294,9002956
46,poor-sleep,520260046,365,kg,75.6192,38.7616,0.9459,238,23,52,114,179,147,1338,0,215,20,14,16,0,1650,0,566,2.1838,18.7866,1,92451681-d785-433d-b41e-31beda153410,129eb2f5bfcfe3103459a13e5ac71018911251555873a549e865397ed4097b67,2395687,8292098
47,poor-sleep,520260047,365,lb,61.2403,25.0551,0.8731,225,36,49,94,153,198,1223,0,224,20,13,16,0,1561,0,709,-3.1452,10.319,1,8e6f8c73-d0d3-49f0-8877-d7f1dea148f9,f3615301cdd4193b56503f5eb60b1888e487db9fc1d4af4143119266a9f9b4c0,2325814,8229399
48,poor-sleep,520260048,365,kg,79.0893,33.1176,0.9299,239,22,52,123,122,66,1485,139,219,0,22,15,0,1651,0,766,5.7825,19.864,1,6cecf1bf-9fdf-4cba-bd5a-1a34d6c65f28,bff5daae8fe30bcb70297bd644a1d302687934a1e01e5904ef92d853c1f29a3e,2394711,8272240
49,poor-sleep,520260049,365,lb,82.4865,41.2379,0.9572,246,15,51,115,216,144,1363,8,227,19,13,14,0,1710,0,582,5.2962,20.8263,1,e64d42ea-90d9-464a-b2f0-13018b923762,d427177ffb034e3221a95cfbfa19cbc49aa3af6cd36a75e34f470f5de20323a2,2519425,8897254
50,missed-sessions,520260050,365,kg,98.1726,34.3878,0.6555,163,98,33,0,166,75,897,0,292,21,13,18,0,1125,1,125,7.124,18.4407,1,43ae905d-b0cb-4e88-8630-9d8c93c7a422,7fc2d9e6f6c0154ffec721f4a07f9deaeeca27ca33076d6619a811e57feba801,1766920,6257976
51,missed-sessions,520260051,365,lb,97.2601,25.9659,0.6178,163,98,31,0,94,43,1009,121,285,0,9,19,0,1137,0,252,4.9001,13.7724,1,bf2cc799-6496-4e1c-b3fe-105c99bcae83,d80f8a433e4b18d57eba0d5eb23b44c07966562e89ffa2a4fd5f75f2c6500048,1815698,6594125
52,missed-sessions,520260052,365,kg,75.1479,39.6405,0.6938,188,73,34,0,167,37,1117,129,321,20,8,21,0,1313,1,247,12.7597,22.8929,1,d04fec79-cf64-439b-abfe-e4c15885affe,cfdb600f24de9c822899205bc42d27db6cf0c6a9092cf4e8584d05c217a4822f,2052991,7301627
53,missed-sessions,520260053,365,lb,78.0688,25.457,0.7153,174,87,38,4,153,55,1011,95,284,23,12,22,0,1207,0,227,8.4491,17.4712,1,1e06ad1b-624f-4c77-83ae-dd971fc6b9a6,7d9041dd0d1bb1c7f4c4d1e5d2a1861ca83d4559200092eb31c7cfaf73484971,1921022,6948175
54,missed-sessions,520260054,365,kg,63.1042,43.741,0.7448,187,74,35,3,189,34,1089,113,311,0,10,21,0,1302,0,215,14.4023,25.3164,1,4f2b6562-a02b-4d5f-8fae-4f3a6b72573c,aa651751f469872fa630614deb7717e1579c9821e99ac0ff7706c8b349a006b1,2031116,7193524
55,missed-sessions,520260055,365,lb,80.0893,38.4466,0.5702,142,119,34,1,173,65,750,0,238,18,5,17,0,983,0,93,8.6613,19.6013,1,63d5fc8b-1235-4d3b-9c20-e557352af6e0,ce22f4d19ca3fc8c3b9911e1072c86145b9e9a3b861d7aecc1474004c8135338,1562211,5637435
56,missed-sessions,520260056,365,kg,67.842,44.0688,0.583,148,113,42,1,173,36,828,58,236,20,14,25,0,1023,0,138,12.6724,23.3461,1,0d1709bf-0fc3-403f-93b8-a55fd5236138,253746d1555e1b6ab4047c2778a1a167f1ff89641f810901da9c1386e4a5ab4d,1628041,5747852
57,missed-sessions,520260057,365,lb,77.4856,29.4139,0.6861,179,82,45,3,126,35,1095,134,300,0,9,31,0,1247,0,240,8.3211,19.2891,1,31aadb51-264f-413d-9b88-307e154ed587,669e7f070218f446ee248276a05d30c0f4e7feb4539d819cbbbe0564cbcf6f46,1986670,7168768
58,missed-sessions,520260058,365,kg,59.4091,36.7469,0.6768,179,82,36,0,201,28,1030,85,296,30,4,18,0,1255,4,165,17.1278,26.849,1,06138624-6213-42eb-97fa-baa30ac0cbca,834de1153032df3c8b47ec58fd2c537eaa784c7d34934f9d68254b48d62b8eca,1953478,6930593
59,missed-sessions,520260059,365,lb,65.1974,29.0597,0.5778,150,111,36,0,132,34,887,22,255,23,10,17,1,1043,0,96,9.1679,17.2486,1,74f69a8d-630c-4007-83eb-425a630d5297,8f6faf612f636b8fcfbf613c59e8186c3b19364e633794c6bd5db082a56c5c27,1660086,5989485
60,long-break,520260060,365,kg,87.6754,30.2458,0.9651,216,45,44,5,205,127,1184,0,379,0,12,31,0,1504,2,196,5.5699,16.8656,2,33fdf7e3-69b9-493b-8f8f-67084253e7e1,e6e3b1cd9e3e14da5a96ba8408cc029bf32b33733a4d887781aee9f2c955b29d,2363290,8524232
61,long-break,520260061,365,lb,67.6023,35.5893,0.9006,207,54,45,0,134,45,1270,174,353,27,14,33,0,1435,0,307,8.9373,19.7751,2,0386318d-8430-4147-8d70-bbbc6c0c339d,dab40786af1328eef7cbc853c1af1d6fd63ac967f518645a59783ca6bc39f10b,2313039,8530497
62,long-break,520260062,365,kg,85.3427,29.219,0.9698,219,42,45,5,219,108,1204,0,381,21,11,31,0,1520,0,179,8.8636,21.3043,2,7671f902-b480-48c7-9050-f258c1cd531e,533a4e4d8125275db12003ddbd313ccd583491c2241babddd3d3756675468752,2386628,8597583
63,long-break,520260063,365,lb,86.0864,45.745,0.9719,223,38,44,0,219,60,1283,95,390,0,15,30,0,1547,0,226,13.0507,24.7803,2,bb105444-54e3-480a-8aab-45206578cdc2,4c1d17a7a7eed28133564575ed41065de499741aa7ce526795114153c6a1b9d5,2478522,9134012
64,long-break,520260064,365,kg,66.9713,28.858,0.9889,228,33,43,0,163,86,1347,114,368,23,6,34,0,1590,0,306,6.5181,17.5033,2,7d6381de-b4d9-4d26-881a-9479babc28ae,97122b37be798f84bfe019c428b45608d68563e70133742fe5719bb87b1cd8cc,2495173,9008599
65,long-break,520260065,365,lb,55.9896,32.9013,0.9576,219,42,43,0,154,51,1325,183,368,27,10,36,0,1520,0,347,10.1539,21.1349,2,48916aad-a275-4e64-944b-249e48eed350,da873773880866b652e2979bd30f04cdbfc4bf192f22fdff100218fbc3e8abca,2438931,8981490
66,long-break,520260066,365,kg,98.0336,39.5162,0.9857,223,38,45,0,221,73,1269,55,399,0,12,30,0,1551,0,193,12.3291,23.4995,2,c489390b-946c-4e5f-a7ad-a8914f5e3306,63b1a6ed68c87e97c8af07c5a9f031f80b2bae900b8ea7feaaae17adfc131955,2445353,8841147
67,long-break,520260067,365,lb,58.0867,28.3507,0.8783,195,66,46,4,93,55,1221,223,313,21,22,32,0,1347,0,427,3.9754,13.7034,2,42ac4b62-8cd3-4393-a105-1777ec818c7e,0a93b25607a53d56d6de09d9e951ec3cfba3deca92cd4b97ab7fbe74b8edfb19,2193790,8103521
68,long-break,520260068,365,kg,72.8632,28.773,0.9482,215,46,43,5,120,42,1343,226,346,28,12,34,0,1493,0,393,7.5788,17.3597,2,a214a448-7b62-4ca8-8088-5d819a72a5eb,cd76ef33791dba0c2f7f93ae8ad8fe9b3b0deb0d3f4eed9afbd2692d87968f18,2351380,8489732
69,long-break,520260069,365,lb,62.4742,39.0386,0.8716,200,61,45,0,247,52,1090,48,339,0,9,28,0,1380,0,143,16.2127,28.337,2,77285ef3-650f-4f32-80eb-4cf32f7b8470,00f9c883c564d7289c01077f49787e63af596ff6bedf8b0b640eab251d8b835d,2210965,8159940
70,coarse-equipment,520260070,365,kg,64.9769,25.4428,0.9288,240,21,50,5,34,14,1633,628,401,27,10,37,0,1671,16,186,2.2774,21.1887,1,736b1a15-4a52-4821-83c4-2c3c7ef7ff24,ee1a4c7ad43d42e0f9c3e13ee45f5928f66be8db34e9c32a3ad939396b2be46e,2621796,9296437
71,coarse-equipment,520260071,365,lb,91.6729,26.9776,0.9269,235,26,50,0,19,5,1621,738,384,28,12,42,0,1633,10,205,1.6012,22.4287,1,8f15b3f9-3abe-4d7b-b674-dcdfc220de84,f03a002c8e10a338d85bf19b76867b8c6c3f9377b27e36654e8e894ddd54612a,2633101,9644632
72,coarse-equipment,520260072,365,kg,56.0052,31.4474,0.9809,251,10,48,5,43,15,1700,576,438,0,8,41,0,1750,0,336,2.1374,19.6563,1,08c17673-686d-4cff-b14f-74c87b7108a7,e3268f2286c71947d3653742f6ec7128ea3d782e1a7a473497840d719c61f420,2730618,9681304
73,coarse-equipment,520260073,365,lb,95.8217,43.2359,0.9705,253,8,51,5,56,8,1707,819,418,50,19,41,0,1752,400,78,4.3605,35.9579,1,4ae7c08b-7622-457e-ad1d-ae648d79c172,c775d2ee4b24aba04f13e62edbf1bf421fba9e381f15006b38cbf9555037538f,2811445,10281888
74,coarse-equipment,520260074,365,kg,94.165,33.5312,0.8921,233,28,50,5,21,6,1600,608,402,20,13,38,0,1614,8,325,1.749,20.1009,1,6006419d-1e86-4e52-a47b-33ea3b3d3462,7a5422b9344ddefe6bff0b1193420078e090a220268e78a9a3ac83e40675d073,2533322,8973661
75,coarse-equipment,520260075,365,lb,67.1373,31.8707,0.9521,245,16,51,0,19,26,1669,803,421,0,12,42,0,1702,70,137,-0.1722,24.1487,1,39e98a29-fbb0-41dd-ab36-6a7bcf10991d,e3699190c1a9c41365ec0ff8e438eae30e721990db8c6905b75fbefd647b6c4f,2732741,9970456
76,coarse-equipment,520260076,365,kg,89.4176,39.3925,0.9122,244,17,51,5,33,7,1669,827,408,43,15,40,0,1694,316,97,2.4112,32.5604,1,bd23fb76-b964-4444-ae69-c47734799ebd,62adcedff82d6ff43e9a1115dc6afc29394446a072dd3481852e51c8e57f21c1,2663127,9467365
77,coarse-equipment,520260077,365,lb,99.2185,45.2122,0.9339,245,16,51,5,45,3,1668,835,383,46,17,43,0,1699,483,117,4.6884,37.0482,1,dfc6063d-9ec8-4974-a446-252812fbfb4e,82879df599cf9760443c2836c9b5bf0ac980c78883858e5dec62abde44bab7ac,2747038,10105629
78,coarse-equipment,520260078,365,kg,66.0704,35.7771,0.8816,229,32,51,4,13,2,1583,697,384,0,20,39,0,1578,28,210,1.277,23.2828,1,750984f1-781b-41f9-b7e5-051a1329b4d8,4baeb9b5dbe5ced8bc77557340129af19c7e8cbeb254535dec3bf0b4028d3ce1,2494083,8854417
79,coarse-equipment,520260079,365,lb,88.9667,23.1381,0.9099,235,26,48,4,39,6,1600,396,404,26,11,40,0,1634,0,389,3.993,16.9981,1,9b2877a9-24aa-4528-a872-e9d02e012b8d,92e021c2ad0264eb52dfd495aab10926993e75245626b4a0e5fed59df8dba356,2606906,9471728
80,noisy-RIR,520260080,365,kg,81.0029,42.9811,0.8955,227,34,51,5,278,39,1272,35,602,29,12,38,0,1577,10,138,20.7331,33.1842,1,a9201d53-589e-450e-9444-e06c70ff030b,d8baadb86274867274285513877ae2a2d9e108aaeaba3a9e42dd540b27d0eb65,2457670,8676345
81,noisy-RIR,520260081,365,lb,83.9899,22.5627,0.9892,257,4,51,0,181,127,1490,35,702,0,19,35,0,1779,0,273,4.8573,14.57,1,4503eab9-b18c-4737-915c-dc0daf298fba,db969ddc227e9f3b8e6d492f7e9122bba0c61c1ccce02a2bd18270c95656efd8,2826686,10178308
82,noisy-RIR,520260082,365,kg,87.2271,25.8276,0.8812,238,23,52,4,176,74,1415,24,659,21,9,38,0,1656,0,175,8.3156,19.0558,1,6a548485-7735-43da-9ee8-121c3a3a8baf,d3781c670abc05f40052f886ec1e210bb048e28e4143bb59830b19fdc8baf2c8,2576740,9091947
83,noisy-RIR,520260083,365,lb,94.7025,45.4254,0.9106,233,28,49,3,310,52,1277,9,645,24,7,30,0,1632,15,118,20.5623,34.2352,1,4e99af23-c5e3-446b-b635-bd838bf805bd,a58fdf7413053f28fa5230aee592a23852fb591743ecf459900b3c6e1c852b5e,2573690,9289666
84,noisy-RIR,520260084,365,kg,74.23,41.4746,0.9609,250,11,50,5,329,81,1341,0,665,0,7,40,0,1744,0,139,18.1283,32.2536,1,4300be0a-97ae-4a1e-972e-ebc5b1cfcc25,8958d5e8736c6b6d2818c762b416073c7e1e6d014638498c48a38aeb68133613,2705956,9565160
85,noisy-RIR,520260085,365,lb,95.6011,35.4109,0.9208,243,18,50,5,271,66,1361,0,689,26,11,36,0,1687,10,144,15.9751,29.0228,1,1b385137-4067-456c-87c6-f1f89e7baeb3,3f860e1d3178484cf5504c6a6d7ce5b08582c88ebeea77c5bd337c3fb0ec9ad1,2661298,9580083
86,noisy-RIR,520260086,365,kg,73.6964,27.308,0.9316,245,16,50,3,212,96,1408,0,666,31,12,42,0,1704,0,186,8.3379,19.631,1,9de5bf64-3383-480e-8cfe-c3e8d699fc7c,e2ae476972657eb873ca41a7c0ff0f205bd6a5b9da0f26d3ecd7bed6de0cb334,2653715,9362213
87,noisy-RIR,520260087,365,lb,72.9029,44.2043,0.921,246,15,48,5,233,35,1452,247,680,0,13,34,0,1707,209,117,17.2322,36.8815,1,73987982-bf7f-4006-89de-da8aac9630a7,a8f5b57236451aa91cb6ac8425d9361aac1e1ced6638e348e5cb1d8a08de11aa,2706296,9805627
88,noisy-RIR,520260088,365,kg,65.6869,38.2128,0.9092,233,28,51,5,167,30,1434,139,607,30,12,36,0,1619,0,309,13.4618,23.5049,1,2579954d-07f7-4777-b113-e37ca894f410,0b4371648daad5f13cdd18871792c76df4d0eea644db5977c7b63374a8cfc4b6,2527479,8922229
89,noisy-RIR,520260089,365,lb,85.2907,26.5657,0.9752,257,4,51,5,243,102,1456,0,697,21,7,38,0,1794,0,204,10.3583,21.3963,1,e7bccce6-faa4-4988-bb8f-c5bd509bf11d,e66ebee34edacb0a04f806d2e73388681a1773fdfca927aa4546d94e793dcf16,2817909,10150211
90,conservative-effort,520260090,365,kg,99.9662,41.0458,0.9223,238,23,49,5,1,5,1659,0,1608,0,15,35,0,1650,0,967,-0.2268,16.3665,1,c70fe4ab-43e5-4e58-a131-b45a529182cd,ef55abc6d8a50932a9d2a2f153aa7fb2a0917a59cf85d34c90fff5ab128f1cee,2564192,8969751
91,conservative-effort,520260091,365,lb,56.3774,30.1268,0.9899,257,4,50,5,0,3,1796,7,1740,0,12,39,0,1787,0,1449,-0.2295,11.7853,1,df0c5a7c-9910-49e2-8b38-f43eef93a588,b24275430c5706eeb44478e379e2b23aaf2719c41cc479b903e1487df84952cd,2826450,10164271
92,conservative-effort,520260092,365,kg,83.7238,33.2708,0.9653,248,13,50,5,0,12,1727,0,1681,0,10,42,0,1729,0,1053,-0.9166,15.4584,1,d4f7fdf2-7187-40b6-8320-fcbc2e01fcb7,a1ab9d602aed4fbccf7fbadbe9a6a6d8bc8e20295cacae66261b4757af7bac40,2680332,9362206
93,conservative-effort,520260093,365,lb,84.8905,23.8122,0.9596,245,16,51,5,0,14,1704,0,1656,0,13,41,0,1705,0,1470,-0.8489,9.5008,1,58879f7c-6ab6-497d-9b55-320201089c33,acbf252fd419c76cceeeb43aa1ae988c03e797275307aadd2de3bc46abd18a6c,2700373,9687069
94,conservative-effort,520260094,365,kg,70.9548,30.2168,0.9007,235,26,48,5,0,2,1646,3,1589,1,19,36,0,1629,0,1399,-0.1515,10.3733,1,a7106cbe-b4a4-4d5f-a3f0-741ffe5ed73d,c77dc88280d8a779a5d5f7d87010a661976900ee177c905ae80d26ca0b088548,2538286,8867988
95,conservative-effort,520260095,365,lb,99.9684,30.3573,0.9675,252,9,51,5,0,4,1759,2,1702,0,19,43,0,1744,0,1492,-0.3067,10.6837,1,aac60eaf-8cfb-4604-ba88-489b08652164,a1610b958333eb0f3cd6ef3b05e20a9f3400b5cb50b6e48a444ecd35c26a3f6e,2776710,9975775
96,conservative-effort,520260096,365,kg,70.9937,27.6359,0.8814,229,32,49,3,0,3,1602,0,1567,0,13,39,0,1592,0,1073,-0.2317,14.1559,1,7a11a420-5a32-48e3-b5d5-9a4494acad4c,d18fdc11b10d49b8d57013864b729d9621e3013842fe88783437c630eebef20e,2477545,8666416
97,conservative-effort,520260097,365,lb,60.6643,38.1487,0.915,234,27,50,0,0,4,1631,4,1602,0,20,39,0,1615,0,1036,-0.2852,15.8728,1,1aae821e-4bb1-4e89-8c02-238c1d063e6b,4389581e870e3893f3d3758a4e46e62c748ba3d158bdb6f16ba66cf695dd7890,2577767,9261512
98,conservative-effort,520260098,365,kg,59.7985,32.1075,0.9433,238,23,47,5,1,4,1664,2,1607,2,15,39,0,1654,0,1272,-0.232,13.0459,1,21f821c3-7ebf-41d8-828d-554b6bc5071d,ba259a2ab27ab1b8166767c41cf8c2e622e02118a0aa847ce9a0f0be710311f0,2560250,8933942
99,conservative-effort,520260099,365,lb,56.6251,33.5823,0.8816,232,29,51,4,1,5,1613,7,1554,0,23,42,0,1596,0,915,-0.3655,17.1801,1,6ccbc38c-715a-41c1-ba14-de5ac73169de,b143bee1c5330711dd62932824cd796a5cf7f8408ab6d4b06ed1a985a50e4072,2555857,9185587
100,pain-episodes,520260100,365,kg,75.9742,28.0363,0.9337,240,21,49,8,248,139,1291,0,377,27,34,32,0,1644,0,223,8.3847,18.4036,1,0ec41e16-5785-4d76-bb31-d691bee928ad,89197658d25bf9ae8914b64e96d5e151cc684be328be20a03738d327a2158b03,2585123,9155984
101,pain-episodes,520260101,365,lb,72.3507,33.4194,0.9338,247,14,50,25,258,108,1364,0,374,26,40,30,0,1690,0,192,11.9573,23.6883,1,ff155ad2-6036-4d81-a6dd-08c88c0cf24a,6ec4a8248fdd5b6cecc2bfb3f857273c587766c942cffa6db67eaaa7d1667b5a,2678773,9638730
102,pain-episodes,520260102,365,kg,89.679,29.0555,0.9759,254,7,50,14,198,87,1493,110,406,0,38,38,0,1740,0,300,9.0811,20.0074,1,0497093d-9ad0-4154-844f-24ace1b7e49c,ebe4ab7d763cd7bd3fd85470ea0eb13bc4b6a07c23958d9235f398b150b0c579,2730428,9650483
103,pain-episodes,520260103,365,lb,65.4562,24.4953,0.9384,240,21,49,19,99,35,1547,231,389,28,34,38,0,1647,0,451,6.4476,15.5989,1,e6be5942-2459-47c5-9134-60ef8aeafc92,6f582b7999943f48a4f9c5aa6d6d44ba97e4fed5afd616097f7f83795222d778,2630265,9500465
104,pain-episodes,520260104,365,kg,68.2037,35.5918,0.9662,250,11,51,15,231,125,1398,47,396,32,37,37,0,1717,0,265,9.6025,20.536,1,10d29b7b-16c1-4720-9bc1-1bbfbbc2d050,58121ece9de14f3471fe2525ade2c36d2d02d5a7f8903c8af887bfc302a06d01,2700210,9556259
105,pain-episodes,520260105,365,lb,57.2289,27.2044,0.9881,251,10,49,14,225,86,1445,66,385,0,31,31,0,1725,0,221,11.5526,22.2156,1,5939db80-f793-4992-b0ae-0903711b0e91,ff580cf349e1a8b5111458676dfc1e37a6824c7b456b099aae25ed462d48e9fe,2742724,9927481
106,pain-episodes,520260106,365,kg,63.6565,44.6707,0.9688,251,10,50,25,336,74,1347,0,374,34,37,30,0,1720,14,130,22.0425,34.9015,1,288bb376-ca17-49da-be9d-da39aadf02ef,d1d390c14077665936cdd5baa085dea107ddce68c148f41749c95d2b4f14d8eb,2683110,9489479
107,pain-episodes,520260107,365,lb,99.3825,25.6768,0.8814,233,28,52,14,227,115,1287,0,378,23,31,36,0,1598,0,181,9.1406,20.6736,1,909d5da5-055b-42f8-be42-8ae9b3e7c7b1,2a9cdf79dce5361c24c3f8450c5858e39a7be21840f1e523156c2c64b3c15d9d,2539177,9149655
108,pain-episodes,520260108,365,kg,69.5591,42.1447,0.9234,237,24,49,17,237,39,1383,124,364,0,34,31,0,1625,0,248,18.282,30.1737,1,7331adc7-0b64-4832-a5de-1d6761f38094,63694246c36c99d518ea846ec5af11c22078d0db6ea175a998b92ae6f4be3692,2541551,8991673
109,pain-episodes,520260109,365,lb,82.9841,38.7087,0.948,243,18,52,18,189,28,1483,142,352,35,39,33,0,1661,1,276,16.7108,28.9095,1,8af4a78d-e8db-4fda-aa11-4f4b74237279,87338a7c8b91bb1d9a5fad22e63c8651848f1a72751000b961db9f24cc6f42e5,2651319,9579169
110,custom-three-day,520260110,365,kg,62.9888,34.5625,0.983,149,8,52,3,134,17,841,27,243,34,10,27,1,982,15,69,18.7283,26.653,1,0f78aaf7-de91-4c47-8823-a42d7ae42032,673071390e574ebe7225d5b2c5958aff480cdc3c78b0539f4bfbbf66152ca1a4,1540180,5407219
111,custom-three-day,520260111,365,lb,82.6672,34.8147,0.8973,147,10,51,3,196,43,742,1,216,0,11,28,1,970,0,67,19.2163,26.6155,1,0146fa42-e340-48b2-8585-37f67a5df3f9,d31c361be82633e5200d147dcc76b7552933e99d057e802c4285e4ada8f69cc7,1545130,5535546
112,custom-three-day,520260112,365,kg,57.9549,39.5458,0.9521,147,10,51,3,159,35,786,18,226,28,3,27,1,977,1,77,18.96,26.0697,1,ef72f1bc-b336-4e5e-9651-98181a9ac975,004703de691cbc56bd53c3cf285f963675aaf6b2fe57bccc042ab9e601b4f9f9,1521938,5335196
113,custom-three-day,520260113,365,lb,56.0058,33.8708,0.9253,147,10,51,2,135,13,832,49,236,36,7,31,1,973,7,87,20.9509,28.4854,1,2f027e41-b3f8-4a3b-a131-e3bffad636dc,d04ffdf623c37011772d99ad6cbee53c86a2af696f8c9a13de6421450a110338,1548099,5541725
114,custom-three-day,520260114,365,kg,96.3205,35.3905,0.958,150,7,51,3,219,37,744,8,243,0,8,29,1,992,0,73,23.134,30.4685,1,719f0970-7024-4871-8e72-b9b0532f3967,d281a18e1e8bdc4feb0d7e6dc101c0f17fd8e1af4921c07ca96d7ce78e5b8e85,1548290,5441655
115,custom-three-day,520260115,365,lb,92.4793,41.2061,0.9465,146,11,49,3,192,33,751,16,228,36,9,31,1,967,31,88,26.9774,34.1694,1,87714f74-9f2d-48ef-a4f2-507fc42fa600,52cd14d63a40aa2b2226a0048324acce6aaaeb0373cf15409f182727264ddcc1,1538540,5516493
116,custom-three-day,520260116,365,kg,66.849,45.1099,0.9596,146,11,50,3,195,20,759,25,226,31,5,24,0,969,34,73,30.7298,37.8819,1,0c593e98-2100-40a8-bd9c-24abdd18c9d0,385709a1e78c052b7d4b1d95450846309cc11a9eefd0beb9fd9f7a17dba9607b,1509638,5311550
117,custom-three-day,520260117,365,lb,99.4213,44.8298,0.9555,148,9,50,3,155,18,814,260,242,0,7,31,1,980,247,40,17.0165,37.6301,1,c56a97ad-6de0-49aa-9537-804983d75c07,32687297bb2361083cf326f640eb18b6ab4bf46247b137bcf6f33bec96cece75,1567412,5646875
118,custom-three-day,520260118,365,kg,94.788,22.1248,0.9799,151,6,51,3,76,24,906,81,259,21,8,38,1,998,0,158,8.8678,14.825,1,e8cdac39-0110-4f99-a485-53ec3ef5570e,91d1768d89998852f7e7f9df70dae19e9d2f2d9072cf91008c543dda556eca79,1561907,5459538
119,custom-three-day,520260119,365,lb,68.0115,30.1323,0.957,149,8,51,3,175,29,789,0,247,32,6,25,1,987,17,54,19.9343,26.1475,1,9951b8af-dc97-4ded-a457-eb5e0a4705dc,15a39299239ffda9e9465038f5ef8f9dbe7983aa8579dad5b7b3334a9861e4aa,1559893,5591506
